State_Code,PropertyState,Status
12,FL,2
12,FL,2
26,MI,2
26,MI,2
26,MI,2
26,MI,2
18,IN,1
37,NC,2
20,KS,1
6,CA,2
27,MN,2
26,MI,2
26,MI,2
26,MI,2
26,MI,2
26,MI,2
6,CA,2
6,CA,2
6,CA,2
6,CA,2
6,CA,2
6,CA,2
6,CA,2
6,CA,2
6,CA,2
6,CA,2
20,KS,2
12,FL,2
12,FL,2
12,FL,2
48,TX,1
48,TX,1
48,TX,1
48,TX,1
4,AZ,2
4,AZ,2
4,AZ,2
4,AZ,2
4,AZ,2
4,AZ,2
4,AZ,2
4,AZ,2
4,AZ,2
4,AZ,2
4,AZ,2
12,FL,2
53,WA,1
53,WA,1
55,WI,1
6,CA,1
36,NY,1
40,OK,1
40,OK,1
40,OK,1
40,OK,1
6,CA,2
6,CA,2
6,CA,2
6,CA,2
6,CA,2
51,VA,1
24,MD,1
25,MA,2
25,MA,2
25,MA,2
25,MA,2
25,MA,2
36,NY,1
36,NY,1
26,MI,2
26,MI,2
26,MI,2
26,MI,2
26,MI,2
12,FL,1
12,FL,2
12,FL,2
48,TX,1
48,TX,1
48,TX,1
37,NC,2
37,NC,2
37,NC,2
37,NC,2
37,NC,2
37,NC,2
37,NC,2
37,NC,2
37,NC,2
37,NC,2
37,NC,2
37,NC,2
26,MI,2
6,CA,1
6,CA,1
18,IN,2
18,IN,2
18,IN,2
18,IN,2
18,IN,2
18,IN,2
18,IN,2
18,IN,2
18,IN,2
18,IN,2
18,IN,2
18,IN,2
18,IN,2
18,IN,2
18,IN,2
18,IN,2
18,IN,2
18,IN,2
18,IN,2
18,IN,2
18,IN,2
18,IN,2
18,IN,2
18,IN,2
37,NC,1
13,GA,2
13,GA,2
13,GA,2
51,VA,1
34,NJ,1
34,NJ,1
34,NJ,2
34,NJ,2
34,NJ,2
34,NJ,1
34,NJ,1
34,NJ,1
39,OH,1
39,OH,1
26,MI,2
26,MI,2
26,MI,2
48,TX,1
4,AZ,1
4,AZ,2
4,AZ,2
4,AZ,2
4,AZ,2
4,AZ,2
4,AZ,2
4,AZ,2
4,AZ,2
4,AZ,2
4,AZ,1
4,AZ,2
4,AZ,2
4,AZ,2
4,AZ,2
4,AZ,2
4,AZ,2
4,AZ,2
4,AZ,2
4,AZ,2
10,DE,1
48,TX,2
48,TX,2
48,TX,2
48,TX,2
48,TX,2
48,TX,2
48,TX,2
48,TX,2
41,OR,1
34,NJ,1
39,OH,2
39,OH,2
39,OH,2
39,OH,2
34,NJ,1
34,NJ,1
16,ID,1
16,ID,1
45,SC,2
45,SC,2
45,SC,2
45,SC,2
45,SC,2
22,LA,2
42,PA,2
42,PA,2
42,PA,2
42,PA,2
42,PA,2
42,PA,2
42,PA,2
42,PA,2
42,PA,2
42,PA,2
42,PA,2
42,PA,2
42,PA,2
42,PA,2
42,PA,2
42,PA,2
42,PA,2
42,PA,2
42,PA,2
42,PA,2
42,PA,2
42,PA,2
42,PA,2
42,PA,2
42,PA,2
42,PA,2
42,PA,2
42,PA,2
42,PA,2
42,PA,2
42,PA,2
42,PA,2
42,PA,2
42,PA,2
42,PA,2
42,PA,2
42,PA,2
42,PA,2
42,PA,2
42,PA,2
42,PA,2
42,PA,2
42,PA,2
42,PA,2
32,NV,1
32,NV,2
32,NV,2
32,NV,2
32,NV,2
32,NV,2
32,NV,2
32,NV,2
32,NV,2
32,NV,2
32,NV,2
32,NV,2
32,NV,2
32,NV,2
32,NV,2
32,NV,2
32,NV,2
32,NV,2
32,NV,2
32,NV,2
32,NV,2
32,NV,2
32,NV,2
32,NV,2
32,NV,2
32,NV,2
32,NV,2
32,NV,1
4,AZ,1
4,AZ,1
6,CA,2
6,CA,2
6,CA,2
6,CA,2
6,CA,2
6,CA,2
6,CA,2
6,CA,2
6,CA,2
19,IA,1
19,IA,2
26,MI,2
26,MI,2
24,MD,2
24,MD,2
51,VA,2
51,VA,2
51,VA,2
51,VA,2
51,VA,2
51,VA,2
51,VA,2
51,VA,2
51,VA,2
51,VA,2
48,TX,1
37,NC,2
37,NC,2
36,NY,2
36,NY,2
42,PA,1
42,PA,1
42,PA,1
39,OH,2
41,OR,2
41,OR,2
41,OR,2
41,OR,2
41,OR,2
41,OR,2
41,OR,2
41,OR,2
41,OR,2
41,OR,2
41,OR,2
41,OR,2
41,OR,2
41,OR,2
41,OR,2
41,OR,2
41,OR,2
41,OR,2
41,OR,2
41,OR,2
41,OR,2
41,OR,2
41,OR,2
41,OR,2
41,OR,2
41,OR,2
41,OR,2
41,OR,2
41,OR,2
41,OR,2
41,OR,2
41,OR,2
41,OR,2
41,OR,2
41,OR,2
41,OR,2
41,OR,2
41,OR,2
41,OR,2
41,OR,2
41,OR,2
41,OR,2
41,OR,2
41,OR,2
41,OR,2
41,OR,2
41,OR,2
41,OR,2
41,OR,2
37,NC,1
37,NC,1
37,NC,1
37,NC,1
34,NJ,2
34,NJ,2
34,NJ,2
34,NJ,2
34,NJ,2
34,NJ,2
34,NJ,2
34,NJ,2
34,NJ,2
34,NJ,2
26,MI,2
26,MI,2
26,MI,2
26,MI,2
26,MI,2
25,MA,2
25,MA,2
25,MA,2
25,MA,2
25,MA,2
25,MA,2
6,CA,1
12,FL,1
32,NV,2
32,NV,2
32,NV,2
32,NV,2
32,NV,2
32,NV,2
32,NV,2
32,NV,2
32,NV,2
32,NV,2
32,NV,2
32,NV,2
32,NV,2
32,NV,2
32,NV,2
26,MI,2
26,MI,2
5,AR,2
5,AR,1
5,AR,1
5,AR,1
48,TX,1
34,NJ,2
34,NJ,2
24,MD,1
8,CO,2
8,CO,2
8,CO,2
8,CO,2
8,CO,1
36,NY,2
36,NY,2
36,NY,2
36,NY,2
27,MN,1
26,MI,1
26,MI,1
26,MI,1
23,ME,2
23,ME,2
23,ME,2
23,ME,2
23,ME,2
23,ME,2
23,ME,2
23,ME,2
23,ME,2
23,ME,2
23,ME,2
23,ME,2
23,ME,2
23,ME,1
17,IL,2
17,IL,2
17,IL,2
17,IL,2
4,AZ,2
4,AZ,2
4,AZ,2
4,AZ,2
4,AZ,2
4,AZ,2
4,AZ,2
4,AZ,2
4,AZ,2
4,AZ,1
4,AZ,2
4,AZ,1
6,CA,1
9,CT,2
9,CT,1
9,CT,2
9,CT,2
9,CT,2
9,CT,2
9,CT,2
9,CT,2
9,CT,2
42,PA,2
42,PA,2
13,GA,2
13,GA,2
39,OH,2
39,OH,2
39,OH,2
39,OH,2
39,OH,2
39,OH,2
39,OH,2
39,OH,2
39,OH,2
39,OH,2
39,OH,2
39,OH,2
39,OH,2
39,OH,2
39,OH,2
39,OH,2
39,OH,2
39,OH,2
39,OH,2
39,OH,2
39,OH,2
39,OH,2
39,OH,2
39,OH,2
39,OH,2
39,OH,2
39,OH,2
39,OH,2
39,OH,2
39,OH,2
37,NC,1
8,CO,1
8,CO,1
5,AR,1
42,PA,2
42,PA,2
42,PA,2
42,PA,2
42,PA,1
25,MA,2
25,MA,2
25,MA,2
25,MA,2
25,MA,2
24,MD,2
24,MD,1
24,MD,1
18,IN,2
18,IN,2
18,IN,2
18,IN,2
18,IN,2
8,CO,1
36,NY,2
36,NY,2
36,NY,2
36,NY,2
36,NY,2
55,WI,1
13,GA,2
13,GA,2
13,GA,2
13,GA,2
13,GA,2
13,GA,2
13,GA,2
13,GA,2
13,GA,2
13,GA,2
48,TX,1
12,FL,2
12,FL,2
12,FL,2
12,FL,2
12,FL,2
12,FL,2
12,FL,2
12,FL,2
42,PA,1
42,PA,1
6,CA,1
24,MD,2
24,MD,2
24,MD,2
24,MD,2
24,MD,2
24,MD,2
24,MD,2
24,MD,2
24,MD,2
24,MD,2
24,MD,2
24,MD,2
24,MD,2
24,MD,2
24,MD,2
24,MD,2
24,MD,2
24,MD,2
24,MD,2
24,MD,2
24,MD,2
24,MD,2
24,MD,2
24,MD,2
24,MD,2
24,MD,2
24,MD,2
24,MD,2
24,MD,2
24,MD,2
24,MD,2
24,MD,2
24,MD,2
24,MD,2
12,FL,1
12,FL,1
10,DE,2
10,DE,2
10,DE,2
10,DE,2
10,DE,1
10,DE,2
10,DE,2
10,DE,2
10,DE,2
10,DE,1
4,AZ,1
23,ME,2
23,ME,2
23,ME,2
23,ME,2
23,ME,2
44,RI,1
21,KY,1
21,KY,1
32,NV,2
12,FL,1
6,CA,2
6,CA,2
6,CA,2
6,CA,2
6,CA,2
27,MN,1
24,MD,1
24,MD,1
33,NH,2
8,CO,2
8,CO,2
48,TX,2
48,TX,2
48,TX,2
48,TX,2
48,TX,2
4,AZ,1
12,FL,2
12,FL,2
12,FL,2
33,NH,2
33,NH,2
33,NH,2
33,NH,2
33,NH,1
9,CT,2
9,CT,2
12,FL,2
12,FL,2
4,AZ,1
18,IN,2
9,CT,1
9,CT,2
9,CT,2
9,CT,1
9,CT,2
9,CT,2
9,CT,2
9,CT,2
9,CT,2
9,CT,2
9,CT,2
9,CT,2
9,CT,2
9,CT,2
9,CT,2
9,CT,2
9,CT,2
9,CT,2
9,CT,2
9,CT,2
9,CT,2
9,CT,2
6,CA,2
6,CA,1
37,NC,1
37,NC,2
37,NC,1
37,NC,1
37,NC,2
37,NC,1
6,CA,2
6,CA,2
33,NH,1
39,OH,1
6,CA,2
6,CA,2
6,CA,2
51,VA,1
47,TN,1
48,TX,2
48,TX,2
48,TX,2
48,TX,2
37,NC,1
28,MS,1
25,MA,1
13,GA,1
13,GA,1
6,CA,1
6,CA,1
6,CA,1
6,CA,1
29,MO,2
29,MO,2
48,TX,2
48,TX,2
48,TX,2
48,TX,2
48,TX,2
48,TX,2
48,TX,2
48,TX,2
48,TX,2
48,TX,2
48,TX,2
48,TX,2
48,TX,2
48,TX,2
48,TX,2
48,TX,2
48,TX,2
48,TX,2
48,TX,2
48,TX,2
48,TX,2
48,TX,2
48,TX,2
48,TX,2
48,TX,2
48,TX,2
48,TX,2
48,TX,2
48,TX,2
48,TX,2
48,TX,2
48,TX,2
48,TX,2
48,TX,2
48,TX,2
48,TX,2
48,TX,2
48,TX,2
48,TX,2
48,TX,2
48,TX,1
37,NC,2
37,NC,2
26,MI,1
53,WA,1
6,CA,2
6,CA,2
6,CA,2
6,CA,2
6,CA,1
6,CA,1
30,MT,2
30,MT,2
30,MT,2
30,MT,2
30,MT,2
30,MT,2
30,MT,2
30,MT,2
30,MT,2
30,MT,2
2,AL,2
2,AL,2
2,AL,2
2,AL,2
2,AL,2
6,CA,1
36,NY,2
36,NY,2
12,FL,2
12,FL,2
12,FL,2
12,FL,2
12,FL,2
13,GA,1
47,TN,2
47,TN,2
47,TN,2
26,MI,1
20,KS,1
18,IN,1
6,CA,1
48,TX,1
48,TX,1
39,OH,2
39,OH,2
39,OH,2
39,OH,2
39,OH,2
4,AZ,2
4,AZ,2
4,AZ,2
4,AZ,2
4,AZ,2
26,MI,2
6,CA,2
6,CA,2
6,CA,2
13,GA,1
8,CO,2
12,FL,2
12,FL,2
12,FL,2
12,FL,2
12,FL,2
37,NC,1
9,CT,2
6,CA,2
6,CA,2
6,CA,2
6,CA,2
6,CA,2
48,TX,2
48,TX,2
48,TX,2
48,TX,2
48,TX,2
5,AR,2
5,AR,2
5,AR,2
5,AR,2
5,AR,2
5,AR,2
5,AR,2
5,AR,2
12,FL,2
12,FL,2
12,FL,2
12,FL,2
12,FL,2
12,FL,1
6,CA,2
6,CA,2
6,CA,2
6,CA,2
6,CA,2
8,CO,1
48,TX,2
48,TX,2
48,TX,2
8,CO,2
8,CO,2
8,CO,2
8,CO,2
8,CO,2
8,CO,2
8,CO,2
48,TX,1
34,NJ,1
34,NJ,1
49,UT,2
49,UT,2
49,UT,2
49,UT,2
35,NM,2
35,NM,2
35,NM,2
49,UT,1
6,CA,2
6,CA,2
8,CO,1
8,CO,1
21,KY,2
21,KY,2
21,KY,2
21,KY,2
55,WI,2
53,WA,2
53,WA,2
12,FL,2
12,FL,2
29,MO,2
29,MO,2
29,MO,2
29,MO,2
29,MO,2
51,VA,2
6,CA,1
44,RI,2
44,RI,2
35,NM,1
48,TX,1
48,TX,2
48,TX,2
48,TX,2
48,TX,2
30,MT,1
2,AL,1
6,CA,1
53,WA,1
9,CT,2
9,CT,2
9,CT,2
9,CT,2
9,CT,2
9,CT,1
6,CA,2
6,CA,2
53,WA,2
53,WA,2
53,WA,2
53,WA,2
53,WA,2
15,HI,1
6,CA,2
6,CA,2
6,CA,2
6,CA,2
6,CA,2
36,NY,1
36,NY,1
6,CA,2
6,CA,2
48,TX,2
25,MA,2
25,MA,2
25,MA,2
25,MA,2
25,MA,2
25,MA,2
25,MA,2
25,MA,2
25,MA,2
25,MA,2
12,FL,2
5,AR,2
5,AR,2
5,AR,2
5,AR,2
25,MA,2
25,MA,2
25,MA,2
25,MA,2
25,MA,2
25,MA,2
25,MA,2
25,MA,2
25,MA,2
25,MA,2
29,MO,1
48,TX,2
48,TX,2
48,TX,1
48,TX,1
53,WA,2
53,WA,2
53,WA,2
53,WA,2
53,WA,2
37,NC,2
37,NC,2
37,NC,2
37,NC,2
37,NC,2
37,NC,2
37,NC,2
37,NC,2
37,NC,2
37,NC,2
37,NC,2
37,NC,2
37,NC,2
37,NC,2
37,NC,2
37,NC,2
6,CA,2
9,CT,2
9,CT,2
9,CT,2
9,CT,2
9,CT,2
9,CT,2
9,CT,2
9,CT,2
9,CT,2
9,CT,2
9,CT,2
9,CT,2
9,CT,2
9,CT,2
9,CT,2
9,CT,2
9,CT,2
12,FL,2
12,FL,2
12,FL,2
12,FL,2
12,FL,2
12,FL,2
12,FL,2
12,FL,2
12,FL,2
12,FL,2
12,FL,2
12,FL,2
12,FL,2
12,FL,2
12,FL,2
12,FL,2
12,FL,2
12,FL,2
35,NM,2
35,NM,2
35,NM,2
35,NM,2
35,NM,2
39,OH,2
39,OH,2
39,OH,2
39,OH,2
39,OH,2
39,OH,2
39,OH,2
39,OH,2
39,OH,2
39,OH,2
39,OH,1
48,TX,1
48,TX,1
6,CA,1
6,CA,2
6,CA,2
6,CA,2
6,CA,2
6,CA,2
12,FL,2
12,FL,2
12,FL,2
12,FL,2
12,FL,2
12,FL,2
12,FL,2
12,FL,2
12,FL,2
12,FL,2
12,FL,2
12,FL,2
12,FL,2
12,FL,2
12,FL,2
12,FL,2
12,FL,2
12,FL,2
12,FL,2
12,FL,2
12,FL,2
12,FL,2
12,FL,2
12,FL,2
12,FL,2
12,FL,2
12,FL,2
12,FL,2
12,FL,2
12,FL,2
12,FL,2
12,FL,2
12,FL,2
12,FL,2
12,FL,2
12,FL,2
12,FL,2
12,FL,2
12,FL,2
12,FL,2
12,FL,2
12,FL,2
12,FL,2
12,FL,2
12,FL,2
12,FL,2
12,FL,2
12,FL,2
12,FL,2
12,FL,2
12,FL,2
41,OR,1
56,WY,2
56,WY,1
56,WY,2
56,WY,1
53,WA,2
26,MI,1
37,NC,1
51,VA,1
45,SC,1
45,SC,2
45,SC,1
45,SC,2
34,NJ,2
53,WA,2
53,WA,2
53,WA,2
53,WA,2
41,OR,2
41,OR,2
41,OR,2
41,OR,2
41,OR,2
27,MN,2
27,MN,2
27,MN,2
27,MN,2
6,CA,1
6,CA,1
6,CA,1
6,CA,1
40,OK,2
40,OK,2
40,OK,2
40,OK,2
40,OK,2
6,CA,2
6,CA,2
6,CA,2
6,CA,2
6,CA,2
6,CA,2
6,CA,2
6,CA,2
6,CA,2
6,CA,2
12,FL,1
12,FL,1
12,FL,1
24,MD,2
24,MD,2
24,MD,2
24,MD,2
24,MD,2
24,MD,2
24,MD,2
24,MD,2
24,MD,2
24,MD,2
41,OR,2
41,OR,2
41,OR,2
41,OR,2
41,OR,2
6,CA,2
6,CA,2
6,CA,2
6,CA,2
6,CA,2
6,CA,2
6,CA,2
6,CA,2
6,CA,2
6,CA,2
6,CA,2
6,CA,2
6,CA,2
6,CA,2
6,CA,2
6,CA,2
6,CA,2
6,CA,2
6,CA,2
6,CA,2
6,CA,2
6,CA,2
6,CA,2
6,CA,2
6,CA,2
6,CA,2
6,CA,2
6,CA,2
6,CA,2
6,CA,2
6,CA,2
6,CA,2
6,CA,2
6,CA,2
6,CA,2
4,AZ,2
4,AZ,2
4,AZ,2
4,AZ,2
4,AZ,1
48,TX,1
48,TX,1
12,FL,1
36,NY,2
6,CA,2
48,TX,1
11,DC,1
11,DC,1
11,DC,1
39,OH,2
39,OH,2
39,OH,2
32,NV,2
32,NV,2
32,NV,2
32,NV,2
32,NV,2
32,NV,2
32,NV,2
32,NV,2
32,NV,2
32,NV,2
32,NV,2
32,NV,2
32,NV,2
32,NV,2
32,NV,2
32,NV,2
32,NV,2
32,NV,2
32,NV,2
32,NV,2
32,NV,2
32,NV,2
32,NV,2
32,NV,2
32,NV,2
34,NJ,1
55,WI,2
55,WI,2
55,WI,2
55,WI,2
55,WI,2
55,WI,2
55,WI,2
55,WI,2
55,WI,2
55,WI,2
55,WI,2
55,WI,2
55,WI,2
55,WI,2
55,WI,2
55,WI,2
55,WI,2
55,WI,2
55,WI,2
55,WI,2
55,WI,2
55,WI,2
55,WI,2
55,WI,2
55,WI,2
55,WI,2
55,WI,2
55,WI,2
55,WI,2
55,WI,2
55,WI,2
55,WI,2
55,WI,2
55,WI,2
55,WI,2
55,WI,2
55,WI,2
55,WI,2
55,WI,2
55,WI,2
55,WI,2
55,WI,2
55,WI,2
55,WI,2
55,WI,2
55,WI,2
55,WI,2
55,WI,2
55,WI,2
55,WI,2
55,WI,2
55,WI,2
55,WI,2
55,WI,2
55,WI,2
55,WI,2
55,WI,2
55,WI,2
55,WI,2
55,WI,2
55,WI,2
55,WI,2
55,WI,2
55,WI,2
55,WI,2
55,WI,2
55,WI,2
55,WI,2
55,WI,2
55,WI,2
55,WI,2
55,WI,2
55,WI,2
55,WI,2
55,WI,2
55,WI,2
55,WI,2
55,WI,2
55,WI,2
55,WI,2
55,WI,2
55,WI,2
55,WI,2
55,WI,2
55,WI,2
55,WI,2
55,WI,2
55,WI,2
55,WI,2
55,WI,2
55,WI,2
55,WI,2
55,WI,2
55,WI,2
55,WI,2
55,WI,2
55,WI,2
55,WI,2
55,WI,2
55,WI,2
55,WI,2
55,WI,2
55,WI,2
55,WI,2
55,WI,2
55,WI,2
55,WI,2
55,WI,2
55,WI,2
55,WI,2
55,WI,2
55,WI,2
55,WI,2
55,WI,2
55,WI,2
55,WI,2
55,WI,2
55,WI,2
55,WI,2
55,WI,2
55,WI,2
55,WI,2
55,WI,2
55,WI,2
55,WI,2
55,WI,2
55,WI,2
55,WI,2
55,WI,2
55,WI,2
55,WI,2
55,WI,2
55,WI,2
55,WI,2
55,WI,2
55,WI,2
55,WI,2
55,WI,2
55,WI,2
55,WI,2
55,WI,2
55,WI,2
55,WI,2
55,WI,2
55,WI,2
55,WI,2
55,WI,2
55,WI,2
55,WI,2
55,WI,2
55,WI,2
55,WI,2
55,WI,2
55,WI,2
55,WI,2
55,WI,2
55,WI,2
55,WI,2
55,WI,2
55,WI,2
55,WI,2
55,WI,2
55,WI,2
55,WI,2
55,WI,2
55,WI,2
55,WI,2
55,WI,2
55,WI,2
55,WI,2
55,WI,2
55,WI,2
55,WI,2
55,WI,2
55,WI,2
55,WI,2
55,WI,2
55,WI,2
55,WI,2
55,WI,2
2,AL,1
42,PA,2
25,MA,2
25,MA,2
25,MA,2
6,CA,2
6,CA,2
12,FL,2
12,FL,2
12,FL,2
12,FL,2
12,FL,2
6,CA,2
6,CA,2
6,CA,2
6,CA,2
6,CA,2
6,CA,2
6,CA,2
6,CA,2
6,CA,2
6,CA,2
6,CA,2
6,CA,2
6,CA,2
6,CA,2
6,CA,2
6,CA,2
6,CA,2
6,CA,2
6,CA,2
6,CA,2
6,CA,2
6,CA,2
6,CA,2
6,CA,2
6,CA,2
12,FL,1
12,FL,1
42,PA,2
48,TX,1
37,NC,2
37,NC,2
37,NC,2
37,NC,2
37,NC,2
17,IL,2
17,IL,2
17,IL,2
17,IL,2
17,IL,2
37,NC,2
37,NC,2
37,NC,2
48,TX,2
48,TX,2
48,TX,2
48,TX,1
49,UT,2
49,UT,2
49,UT,2
49,UT,2
49,UT,2
53,WA,2
53,WA,2
53,WA,2
53,WA,2
48,TX,2
48,TX,2
48,TX,2
48,TX,2
48,TX,2
48,TX,1
48,TX,2
48,TX,2
48,TX,2
48,TX,2
48,TX,2
48,TX,1
6,CA,2
6,CA,2
6,CA,2
6,CA,2
6,CA,2
6,CA,2
6,CA,2
6,CA,2
6,CA,0
6,CA,2
6,CA,2
6,CA,2
6,CA,2
6,CA,2
6,CA,2
6,CA,2
6,CA,2
6,CA,2
6,CA,2
6,CA,2
6,CA,2
6,CA,2
6,CA,2
6,CA,2
6,CA,2
6,CA,2
17,IL,1
45,SC,1
6,CA,1
19,IA,1
6,CA,1
22,LA,2
22,LA,2
12,FL,1
6,CA,2
23,ME,2
23,ME,2
23,ME,2
11,DC,2
11,DC,2
11,DC,2
11,DC,2
11,DC,2
53,WA,1
53,WA,1
53,WA,1
53,WA,1
53,WA,1
53,WA,1
53,WA,1
53,WA,1
53,WA,1
53,WA,1
27,MN,2
8,CO,1
8,CO,1
48,TX,2
48,TX,2
48,TX,2
48,TX,2
48,TX,2
48,TX,2
48,TX,2
48,TX,2
48,TX,2
48,TX,2
48,TX,1
26,MI,1
36,NY,2
36,NY,2
36,NY,2
36,NY,2
36,NY,2
10,DE,2
45,SC,2
12,FL,2
12,FL,2
12,FL,2
12,FL,2
12,FL,2
12,FL,1
12,FL,1
16,ID,2
16,ID,2
16,ID,2
16,ID,2
16,ID,2
16,ID,2
16,ID,2
16,ID,2
16,ID,2
16,ID,2
16,ID,2
16,ID,2
36,NY,2
36,NY,2
36,NY,2
36,NY,2
36,NY,2
36,NY,2
36,NY,2
36,NY,2
36,NY,2
36,NY,2
36,NY,2
36,NY,2
36,NY,2
36,NY,2
13,GA,2
13,GA,2
6,CA,2
6,CA,2
6,CA,2
6,CA,2
6,CA,2
26,MI,2
26,MI,2
12,FL,2
8,CO,2
8,CO,2
8,CO,2
8,CO,2
4,AZ,2
4,AZ,2
4,AZ,2
4,AZ,2
4,AZ,2
4,AZ,2
4,AZ,2
4,AZ,2
4,AZ,2
4,AZ,2
4,AZ,2
4,AZ,2
4,AZ,2
4,AZ,2
4,AZ,2
4,AZ,2
4,AZ,2
4,AZ,2
4,AZ,1
25,MA,2
25,MA,2
25,MA,2
25,MA,2
25,MA,2
33,NH,2
33,NH,2
5,AR,2
5,AR,2
5,AR,2
5,AR,2
5,AR,2
5,AR,2
5,AR,2
5,AR,2
5,AR,2
5,AR,2
5,AR,2
5,AR,2
5,AR,2
5,AR,2
5,AR,2
5,AR,2
5,AR,2
5,AR,2
5,AR,2
5,AR,2
5,AR,2
5,AR,2
5,AR,2
5,AR,2
5,AR,2
17,IL,2
17,IL,2
17,IL,0
17,IL,2
17,IL,2
17,IL,2
17,IL,2
17,IL,2
17,IL,2
17,IL,2
17,IL,2
17,IL,2
17,IL,0
17,IL,2
17,IL,2
17,IL,2
17,IL,2
17,IL,2
17,IL,2
17,IL,2
18,IN,1
42,PA,2
17,IL,2
17,IL,2
17,IL,2
17,IL,2
17,IL,2
36,NY,1
34,NJ,2
34,NJ,2
34,NJ,2
34,NJ,2
34,NJ,2
2,AL,2
2,AL,2
6,CA,1
6,CA,1
32,NV,2
32,NV,2
32,NV,2
32,NV,2
32,NV,2
4,AZ,2
4,AZ,2
4,AZ,1
6,CA,2
6,CA,2
6,CA,2
6,CA,2
6,CA,2
41,OR,2
41,OR,1
41,OR,2
41,OR,1
41,OR,2
41,OR,1
39,OH,1
19,IA,2
19,IA,2
19,IA,2
19,IA,1
9,CT,1
29,MO,2
29,MO,2
29,MO,2
29,MO,2
35,NM,2
35,NM,2
35,NM,2
35,NM,2
35,NM,1
47,TN,2
47,TN,2
47,TN,2
47,TN,2
47,TN,2
34,NJ,1
18,IN,1
6,CA,1
48,TX,1
48,TX,2
48,TX,2
48,TX,2
48,TX,2
39,OH,2
39,OH,2
19,IA,2
19,IA,2
19,IA,2
19,IA,2
19,IA,1
12,FL,1
12,FL,1
37,NC,2
37,NC,2
48,TX,2
48,TX,2
48,TX,2
48,TX,2
48,TX,2
8,CO,1
12,FL,2
12,FL,2
48,TX,2
48,TX,2
48,TX,2
48,TX,2
48,TX,2
48,TX,1
6,CA,2
6,CA,2
6,CA,2
6,CA,2
6,CA,2
6,CA,2
6,CA,2
6,CA,2
6,CA,2
6,CA,2
6,CA,2
6,CA,2
6,CA,2
6,CA,2
6,CA,2
6,CA,2
6,CA,2
6,CA,2
6,CA,2
6,CA,2
6,CA,2
6,CA,2
6,CA,2
6,CA,2
6,CA,2
6,CA,2
6,CA,2
6,CA,2
6,CA,2
6,CA,2
6,CA,2
6,CA,2
6,CA,2
6,CA,2
6,CA,2
6,CA,2
6,CA,2
6,CA,2
6,CA,2
6,CA,2
6,CA,2
6,CA,2
6,CA,2
6,CA,2
6,CA,2
6,CA,2
6,CA,2
6,CA,2
6,CA,2
6,CA,2
6,CA,2
6,CA,2
6,CA,2
6,CA,2
6,CA,2
6,CA,2
6,CA,2
6,CA,2
6,CA,2
6,CA,2
6,CA,2
6,CA,2
6,CA,2
6,CA,2
6,CA,2
6,CA,2
6,CA,2
6,CA,2
6,CA,2
6,CA,2
6,CA,2
6,CA,2
6,CA,2
6,CA,2
6,CA,2
6,CA,2
6,CA,2
6,CA,2
6,CA,2
6,CA,2
6,CA,2
6,CA,2
6,CA,2
6,CA,2
6,CA,2
6,CA,2
6,CA,2
6,CA,2
6,CA,2
6,CA,2
6,CA,2
6,CA,2
6,CA,2
6,CA,2
6,CA,2
6,CA,2
6,CA,2
6,CA,2
6,CA,2
6,CA,2
6,CA,2
6,CA,2
6,CA,2
6,CA,2
6,CA,2
6,CA,2
6,CA,2
6,CA,2
6,CA,2
6,CA,2
6,CA,2
6,CA,2
6,CA,2
6,CA,2
6,CA,2
6,CA,2
6,CA,2
6,CA,2
6,CA,2
6,CA,2
6,CA,2
6,CA,2
6,CA,2
6,CA,2
6,CA,2
6,CA,2
6,CA,2
6,CA,2
6,CA,2
6,CA,2
6,CA,2
6,CA,2
6,CA,2
6,CA,2
6,CA,2
6,CA,2
6,CA,2
6,CA,2
6,CA,2
6,CA,2
6,CA,2
6,CA,2
6,CA,2
6,CA,2
6,CA,2
6,CA,2
6,CA,2
6,CA,2
6,CA,2
6,CA,2
6,CA,2
6,CA,2
6,CA,2
6,CA,2
6,CA,2
6,CA,2
6,CA,2
6,CA,2
6,CA,2
6,CA,2
6,CA,2
6,CA,2
6,CA,2
6,CA,2
6,CA,2
6,CA,2
6,CA,2
6,CA,2
6,CA,2
6,CA,2
6,CA,2
6,CA,2
6,CA,2
6,CA,2
6,CA,2
6,CA,2
6,CA,2
6,CA,2
6,CA,2
6,CA,2
6,CA,2
6,CA,2
6,CA,2
6,CA,2
6,CA,2
6,CA,2
6,CA,2
6,CA,2
6,CA,2
6,CA,2
6,CA,2
6,CA,2
6,CA,2
6,CA,2
6,CA,2
6,CA,2
6,CA,2
6,CA,2
6,CA,2
6,CA,2
6,CA,2
6,CA,2
6,CA,2
6,CA,2
6,CA,2
6,CA,2
6,CA,2
6,CA,2
6,CA,2
6,CA,2
6,CA,2
6,CA,2
6,CA,2
6,CA,2
6,CA,2
6,CA,2
6,CA,2
6,CA,2
6,CA,2
6,CA,2
6,CA,2
6,CA,2
6,CA,2
6,CA,2
6,CA,2
6,CA,2
6,CA,2
6,CA,2
6,CA,2
6,CA,2
6,CA,2
6,CA,2
6,CA,2
6,CA,2
6,CA,2
6,CA,2
6,CA,2
6,CA,2
6,CA,2
6,CA,2
6,CA,2
6,CA,2
6,CA,2
6,CA,2
6,CA,2
6,CA,2
6,CA,2
6,CA,2
6,CA,2
6,CA,2
6,CA,2
6,CA,2
6,CA,2
6,CA,2
6,CA,2
6,CA,2
6,CA,2
6,CA,2
6,CA,2
6,CA,2
6,CA,2
6,CA,2
6,CA,2
6,CA,2
6,CA,2
6,CA,2
6,CA,2
6,CA,2
6,CA,2
6,CA,2
6,CA,2
6,CA,2
6,CA,2
6,CA,2
6,CA,2
6,CA,2
6,CA,2
6,CA,2
6,CA,2
6,CA,2
6,CA,2
6,CA,2
6,CA,2
6,CA,2
6,CA,2
6,CA,2
6,CA,2
6,CA,2
25,MA,1
25,MA,1
25,MA,1
25,MA,1
25,MA,2
25,MA,2
25,MA,2
25,MA,1
24,MD,1
12,FL,1
6,CA,2
6,CA,2
6,CA,2
6,CA,2
6,CA,2
37,NC,2
37,NC,2
37,NC,2
37,NC,2
37,NC,2
42,PA,2
42,PA,2
48,TX,1
18,IN,2
18,IN,2
48,TX,2
48,TX,2
48,TX,2
48,TX,2
48,TX,2
48,TX,2
48,TX,2
48,TX,2
48,TX,2
48,TX,2
48,TX,2
48,TX,2
48,TX,2
48,TX,2
48,TX,2
48,TX,2
48,TX,2
48,TX,2
48,TX,2
48,TX,2
48,TX,2
48,TX,2
48,TX,2
48,TX,2
48,TX,1
48,TX,1
37,NC,2
37,NC,2
37,NC,2
37,NC,2
37,NC,2
37,NC,2
37,NC,2
37,NC,2
37,NC,2
37,NC,2
37,NC,2
37,NC,2
37,NC,2
12,FL,2
12,FL,2
12,FL,2
12,FL,2
16,ID,2
16,ID,2
16,ID,2
16,ID,2
16,ID,2
11,DC,2
11,DC,2
11,DC,2
11,DC,2
11,DC,2
11,DC,2
11,DC,2
11,DC,2
11,DC,2
11,DC,2
11,DC,2
11,DC,2
11,DC,2
11,DC,2
11,DC,2
11,DC,2
11,DC,2
11,DC,2
11,DC,2
11,DC,2
11,DC,2
11,DC,2
11,DC,2
11,DC,2
11,DC,2
11,DC,2
11,DC,2
11,DC,2
11,DC,2
11,DC,2
11,DC,2
11,DC,2
11,DC,2
11,DC,2
11,DC,2
11,DC,2
11,DC,2
11,DC,2
11,DC,2
11,DC,2
11,DC,2
11,DC,2
11,DC,2
11,DC,2
11,DC,2
11,DC,2
11,DC,1
11,DC,2
11,DC,1
48,TX,2
48,TX,2
48,TX,2
48,TX,2
48,TX,2
48,TX,1
27,MN,2
27,MN,2
27,MN,2
27,MN,2
27,MN,2
27,MN,2
27,MN,2
27,MN,2
27,MN,2
27,MN,2
27,MN,2
27,MN,2
27,MN,2
27,MN,2
27,MN,2
6,CA,2
6,CA,1
45,SC,1
45,SC,1
47,TN,2
47,TN,2
47,TN,2
47,TN,2
47,TN,2
12,FL,1
42,PA,2
42,PA,2
42,PA,2
42,PA,2
42,PA,2
42,PA,2
42,PA,2
42,PA,2
42,PA,2
42,PA,2
42,PA,2
42,PA,2
42,PA,2
42,PA,2
42,PA,2
42,PA,2
42,PA,2
42,PA,2
42,PA,2
42,PA,2
42,PA,2
42,PA,2
42,PA,2
42,PA,2
42,PA,2
42,PA,2
42,PA,2
42,PA,2
42,PA,2
42,PA,2
42,PA,2
42,PA,2
42,PA,2
42,PA,2
42,PA,2
42,PA,2
42,PA,2
42,PA,2
42,PA,2
42,PA,2
42,PA,2
42,PA,2
42,PA,2
42,PA,2
42,PA,2
42,PA,2
42,PA,2
42,PA,2
42,PA,2
42,PA,2
42,PA,2
42,PA,2
42,PA,2
42,PA,2
42,PA,2
42,PA,2
42,PA,2
42,PA,2
42,PA,2
42,PA,2
42,PA,2
42,PA,2
42,PA,2
42,PA,2
42,PA,2
42,PA,2
42,PA,2
42,PA,2
42,PA,2
42,PA,2
42,PA,2
42,PA,2
42,PA,2
42,PA,2
42,PA,2
42,PA,2
42,PA,2
42,PA,2
42,PA,2
42,PA,2
42,PA,2
42,PA,2
42,PA,2
42,PA,2
42,PA,2
42,PA,2
42,PA,2
42,PA,2
42,PA,2
42,PA,2
42,PA,2
42,PA,2
42,PA,2
42,PA,2
42,PA,2
42,PA,2
42,PA,2
42,PA,2
42,PA,2
42,PA,2
42,PA,2
42,PA,2
42,PA,2
42,PA,2
42,PA,2
42,PA,2
51,VA,1
17,IL,1
26,MI,2
26,MI,2
51,VA,2
51,VA,0
51,VA,0
51,VA,2
51,VA,2
48,TX,0
37,NC,0
6,CA,2
6,CA,1
20,KS,0
20,KS,0
20,KS,2
20,KS,0
20,KS,0
20,KS,0
20,KS,0
20,KS,0
20,KS,0
20,KS,0
20,KS,2
20,KS,0
20,KS,0
20,KS,0
20,KS,0
20,KS,0
20,KS,2
20,KS,0
6,CA,0
13,GA,0
13,GA,0
47,TN,2
47,TN,2
47,TN,1
6,CA,0
6,CA,2
12,FL,0
51,VA,0
51,VA,0
51,VA,2
51,VA,0
51,VA,2
51,VA,0
51,VA,2
51,VA,2
51,VA,0
51,VA,2
51,VA,2
51,VA,2
51,VA,0
51,VA,2
51,VA,0
51,VA,2
51,VA,2
51,VA,0
51,VA,2
51,VA,0
51,VA,0
51,VA,0
51,VA,0
51,VA,0
51,VA,0
51,VA,0
51,VA,2
51,VA,0
51,VA,2
51,VA,2
51,VA,0
51,VA,2
51,VA,0
51,VA,2
51,VA,0
51,VA,2
51,VA,2
51,VA,0
51,VA,2
51,VA,0
51,VA,2
51,VA,0
51,VA,2
51,VA,0
51,VA,2
51,VA,2
51,VA,0
51,VA,2
51,VA,0
51,VA,2
51,VA,2
51,VA,2
51,VA,0
51,VA,2
51,VA,0
25,MA,2
25,MA,2
25,MA,1
48,TX,1
48,TX,1
21,KY,0
21,KY,0
21,KY,2
21,KY,2
21,KY,0
21,KY,2
21,KY,2
21,KY,2
18,IN,2
6,CA,2
6,CA,0
6,CA,0
6,CA,2
6,CA,0
42,PA,0
6,CA,0
6,CA,0
6,CA,0
6,CA,2
6,CA,0
6,CA,2
6,CA,0
6,CA,2
6,CA,0
6,CA,0
6,CA,0
6,CA,0
6,CA,2
6,CA,2
6,CA,0
6,CA,0
6,CA,0
6,CA,2
6,CA,0
6,CA,2
6,CA,0
6,CA,2
6,CA,0
6,CA,0
6,CA,0
6,CA,0
6,CA,2
6,CA,2
42,PA,2
42,PA,2
42,PA,2
42,PA,0
42,PA,2
49,UT,0
49,UT,0
49,UT,0
49,UT,0
42,PA,0
6,CA,0
6,CA,0
6,CA,0
6,CA,2
6,CA,2
51,VA,0
51,VA,2
51,VA,0
51,VA,2
51,VA,2
48,TX,0
48,TX,1
6,CA,2
6,CA,2
6,CA,0
6,CA,2
6,CA,2
6,CA,0
6,CA,2
6,CA,2
6,CA,0
6,CA,0
6,CA,0
6,CA,2
6,CA,0
6,CA,2
6,CA,2
6,CA,2
6,CA,2
6,CA,0
6,CA,2
6,CA,0
6,CA,2
6,CA,2
6,CA,2
6,CA,2
6,CA,2
6,CA,2
6,CA,2
6,CA,2
6,CA,0
34,NJ,2
34,NJ,2
34,NJ,2
34,NJ,0
34,NJ,0
34,NJ,0
34,NJ,2
34,NJ,2
34,NJ,0
34,NJ,2
34,NJ,2
12,FL,0
12,FL,2
12,FL,2
12,FL,2
12,FL,0
12,FL,0
12,FL,0
12,FL,2
12,FL,2
12,FL,0
12,FL,0
12,FL,0
12,FL,0
12,FL,2
12,FL,2
12,FL,2
12,FL,0
12,FL,2
54,WV,0
4,AZ,2
4,AZ,0
4,AZ,0
4,AZ,2
4,AZ,2
4,AZ,0
4,AZ,0
4,AZ,2
4,AZ,2
4,AZ,2
4,AZ,2
4,AZ,2
4,AZ,0
4,AZ,2
4,AZ,0
4,AZ,2
4,AZ,2
4,AZ,2
4,AZ,0
4,AZ,2
4,AZ,0
4,AZ,0
4,AZ,2
4,AZ,2
4,AZ,0
4,AZ,0
4,AZ,2
26,MI,0
12,FL,2
12,FL,0
12,FL,0
12,FL,2
12,FL,2
25,MA,2
25,MA,2
12,FL,2
12,FL,0
12,FL,2
13,GA,2
13,GA,0
13,GA,0
39,OH,0
48,TX,1
26,MI,2
48,TX,1
36,NY,1
36,NY,1
48,TX,2
6,CA,0
44,RI,1
44,RI,0
36,NY,2
36,NY,2
36,NY,0
34,NJ,0
12,FL,0
12,FL,0
25,MA,0
25,MA,2
25,MA,0
25,MA,2
6,CA,2
6,CA,0
48,TX,0
48,TX,0
48,TX,2
48,TX,0
48,TX,2
48,TX,2
48,TX,0
48,TX,2
48,TX,2
48,TX,0
48,TX,2
48,TX,2
48,TX,2
48,TX,2
48,TX,0
48,TX,2
48,TX,2
48,TX,0
48,TX,0
48,TX,0
48,TX,0
48,TX,2
48,TX,2
48,TX,2
48,TX,0
48,TX,2
48,TX,0
48,TX,2
48,TX,2
48,TX,0
48,TX,0
48,TX,0
48,TX,2
48,TX,2
48,TX,2
48,TX,2
48,TX,0
48,TX,0
37,NC,2
37,NC,2
37,NC,0
37,NC,2
37,NC,0
42,PA,0
53,WA,0
6,CA,2
6,CA,2
6,CA,0
6,CA,2
6,CA,2
6,CA,0
6,CA,0
6,CA,0
6,CA,2
6,CA,0
6,CA,0
6,CA,2
6,CA,2
6,CA,0
6,CA,2
6,CA,0
6,CA,2
6,CA,2
6,CA,2
6,CA,2
6,CA,2
6,CA,0
6,CA,0
6,CA,2
6,CA,2
6,CA,2
6,CA,0
6,CA,2
6,CA,2
6,CA,0
6,CA,0
6,CA,0
6,CA,0
51,VA,2
51,VA,0
51,VA,2
51,VA,0
13,GA,2
13,GA,2
6,CA,0
6,CA,0
6,CA,2
6,CA,2
6,CA,2
6,CA,0
6,CA,0
6,CA,0
6,CA,0
6,CA,0
6,CA,0
6,CA,2
6,CA,0
6,CA,0
6,CA,0
6,CA,2
6,CA,0
6,CA,0
6,CA,0
6,CA,2
6,CA,0
35,NM,0
35,NM,0
4,AZ,0
13,GA,2
13,GA,2
13,GA,2
48,TX,2
48,TX,0
48,TX,2
48,TX,0
13,GA,0
17,IL,2
17,IL,0
17,IL,0
17,IL,0
17,IL,0
17,IL,2
17,IL,0
17,IL,0
17,IL,0
17,IL,2
17,IL,0
17,IL,0
17,IL,0
17,IL,0
17,IL,0
17,IL,2
17,IL,0
17,IL,0
17,IL,2
17,IL,0
17,IL,2
17,IL,0
17,IL,0
17,IL,2
17,IL,0
17,IL,2
17,IL,0
17,IL,2
17,IL,2
17,IL,2
17,IL,2
17,IL,2
17,IL,2
17,IL,2
17,IL,2
17,IL,2
6,CA,2
6,CA,0
6,CA,0
6,CA,0
6,CA,2
53,WA,2
53,WA,2
53,WA,2
53,WA,2
53,WA,2
6,CA,0
42,PA,2
42,PA,2
42,PA,0
42,PA,0
42,PA,2
42,PA,2
42,PA,2
42,PA,2
42,PA,0
42,PA,0
42,PA,2
42,PA,2
42,PA,0
42,PA,0
42,PA,0
42,PA,0
42,PA,0
42,PA,0
42,PA,0
42,PA,0
42,PA,2
42,PA,0
42,PA,2
42,PA,0
42,PA,2
42,PA,0
42,PA,2
42,PA,0
42,PA,0
42,PA,0
42,PA,2
42,PA,2
42,PA,2
42,PA,2
42,PA,2
42,PA,2
42,PA,2
42,PA,0
42,PA,0
42,PA,0
42,PA,0
42,PA,2
42,PA,0
42,PA,0
42,PA,0
42,PA,0
42,PA,0
42,PA,2
42,PA,2
32,NV,0
32,NV,0
32,NV,2
32,NV,0
32,NV,2
36,NY,0
36,NY,2
36,NY,0
36,NY,0
36,NY,0
36,NY,1
26,MI,0
26,MI,2
26,MI,0
48,TX,0
48,TX,0
48,TX,0
48,TX,0
48,TX,2
6,CA,2
6,CA,0
6,CA,2
31,NE,0
31,NE,2
31,NE,2
31,NE,0
31,NE,2
45,SC,1
37,NC,0
42,PA,0
6,CA,2
6,CA,0
6,CA,2
6,CA,0
6,CA,2
6,CA,0
6,CA,0
6,CA,0
6,CA,0
6,CA,2
6,CA,2
6,CA,2
6,CA,2
6,CA,0
6,CA,0
6,CA,0
6,CA,0
6,CA,0
6,CA,0
6,CA,0
6,CA,0
6,CA,2
37,NC,2
37,NC,2
48,TX,0
48,TX,0
48,TX,0
48,TX,2
48,TX,0
48,TX,2
48,TX,2
48,TX,0
48,TX,2
48,TX,2
48,TX,0
48,TX,0
48,TX,2
48,TX,2
48,TX,2
48,TX,2
48,TX,2
48,TX,2
48,TX,2
48,TX,2
48,TX,0
48,TX,2
48,TX,0
48,TX,2
48,TX,0
48,TX,0
48,TX,0
48,TX,2
6,CA,2
6,CA,2
6,CA,0
6,CA,0
25,MA,0
25,MA,0
25,MA,2
25,MA,0
25,MA,2
25,MA,2
25,MA,2
25,MA,0
25,MA,2
25,MA,2
25,MA,0
25,MA,2
25,MA,2
25,MA,0
25,MA,2
25,MA,0
25,MA,2
6,CA,1
6,CA,1
12,FL,0
12,FL,0
12,FL,2
12,FL,0
12,FL,2
12,FL,2
12,FL,0
12,FL,0
12,FL,0
12,FL,2
12,FL,2
12,FL,0
12,FL,0
12,FL,0
12,FL,2
12,FL,0
12,FL,0
12,FL,2
12,FL,0
12,FL,2
12,FL,0
12,FL,2
12,FL,2
12,FL,2
12,FL,0
12,FL,2
12,FL,0
12,FL,2
12,FL,0
12,FL,2
6,CA,2
37,NC,0
37,NC,0
37,NC,0
37,NC,0
37,NC,0
53,WA,0
55,WI,1
22,LA,0
22,LA,0
22,LA,2
22,LA,0
29,MO,0
51,VA,0
6,CA,0
6,CA,0
6,CA,2
6,CA,0
6,CA,0
48,TX,2
48,TX,2
48,TX,2
48,TX,0
48,TX,0
13,GA,0
13,GA,0
13,GA,0
6,CA,0
39,OH,0
2,AK,2
2,AK,2
2,AK,2
42,PA,0
42,PA,0
42,PA,2
42,PA,2
42,PA,0
12,FL,0
12,FL,0
12,FL,0
12,FL,0
12,FL,2
36,NY,2
36,NY,2
24,MD,2
34,NJ,0
34,NJ,2
34,NJ,0
34,NJ,0
34,NJ,0
36,NY,0
6,CA,0
6,CA,0
24,MD,0
24,MD,2
24,MD,2
24,MD,0
24,MD,0
24,MD,2
24,MD,2
24,MD,2
24,MD,2
24,MD,0
24,MD,0
24,MD,0
24,MD,0
24,MD,2
24,MD,2
24,MD,2
24,MD,0
24,MD,0
24,MD,0
24,MD,2
24,MD,2
24,MD,0
24,MD,0
24,MD,2
24,MD,2
24,MD,2
24,MD,2
24,MD,0
24,MD,0
24,MD,0
24,MD,0
24,MD,2
24,MD,2
24,MD,2
24,MD,0
24,MD,0
24,MD,0
24,MD,2
24,MD,2
24,MD,0
24,MD,0
24,MD,2
24,MD,2
24,MD,2
24,MD,2
24,MD,0
24,MD,0
24,MD,0
24,MD,0
24,MD,2
24,MD,2
24,MD,2
24,MD,0
24,MD,0
12,FL,2
12,FL,0
12,FL,2
12,FL,0
12,FL,2
25,MA,2
25,MA,2
25,MA,2
48,TX,2
48,TX,0
48,TX,0
48,TX,0
48,TX,0
9,CT,2
9,CT,0
9,CT,2
9,CT,2
9,CT,0
56,WY,1
37,NC,0
37,NC,0
37,NC,0
37,NC,2
37,NC,0
37,NC,0
37,NC,0
37,NC,2
37,NC,2
37,NC,0
37,NC,0
37,NC,0
37,NC,2
37,NC,2
37,NC,0
51,VA,0
12,FL,0
12,FL,2
12,FL,2
12,FL,2
12,FL,2
32,NV,2
32,NV,0
32,NV,2
32,NV,2
32,NV,0
24,MD,2
25,MA,1
25,MA,1
10,DE,2
10,DE,2
10,DE,2
10,DE,0
10,DE,2
6,CA,1
6,CA,0
6,CA,2
6,CA,0
6,CA,0
6,CA,2
54,WV,0
24,MD,1
24,MD,1
18,IN,0
18,IN,2
18,IN,0
18,IN,0
18,IN,0
17,IL,2
17,IL,2
17,IL,0
17,IL,2
17,IL,2
17,IL,2
17,IL,2
17,IL,2
17,IL,2
17,IL,2
17,IL,2
17,IL,2
17,IL,2
17,IL,2
17,IL,2
17,IL,2
17,IL,2
17,IL,2
17,IL,2
17,IL,2
17,IL,2
24,MD,0
6,CA,2
6,CA,2
6,CA,2
6,CA,2
6,CA,2
6,CA,2
6,CA,2
6,CA,2
6,CA,2
6,CA,2
6,CA,2
6,CA,2
6,CA,2
6,CA,2
6,CA,2
6,CA,2
6,CA,2
6,CA,2
6,CA,2
6,CA,2
6,CA,2
6,CA,2
6,CA,2
6,CA,2
6,CA,2
6,CA,2
6,CA,2
6,CA,2
6,CA,2
6,CA,2
6,CA,2
6,CA,2
6,CA,2
6,CA,2
6,CA,2
6,CA,2
6,CA,2
6,CA,2
6,CA,2
6,CA,2
48,TX,1
25,MA,2
25,MA,2
25,MA,2
53,WA,2
53,WA,2
19,IA,2
48,TX,1
48,TX,1
48,TX,1
53,WA,2
53,WA,2
53,WA,2
53,WA,2
53,WA,2
53,WA,2
53,WA,2
53,WA,2
53,WA,2
53,WA,2
53,WA,2
53,WA,2
53,WA,2
53,WA,2
53,WA,2
53,WA,2
53,WA,2
53,WA,2
53,WA,2
53,WA,2
18,IN,2
18,IN,2
18,IN,2
39,OH,2
39,OH,2
39,OH,2
39,OH,2
39,OH,2
39,OH,2
39,OH,2
39,OH,2
39,OH,2
39,OH,2
39,OH,2
39,OH,2
39,OH,2
39,OH,2
39,OH,2
39,OH,2
39,OH,2
39,OH,2
39,OH,2
39,OH,2
39,OH,2
37,NC,2
37,NC,2
37,NC,2
37,NC,2
37,NC,2
37,NC,2
37,NC,2
37,NC,2
37,NC,2
37,NC,2
6,CA,2
6,CA,2
6,CA,2
6,CA,2
6,CA,2
6,CA,2
6,CA,2
6,CA,2
6,CA,2
6,CA,2
51,VA,2
51,VA,2
51,VA,2
51,VA,2
51,VA,2
51,VA,1
42,PA,2
42,PA,2
42,PA,2
24,MD,2
24,MD,2
24,MD,2
24,MD,2
24,MD,2
24,MD,2
24,MD,2
24,MD,0
24,MD,2
24,MD,2
24,MD,2
24,MD,2
24,MD,2
24,MD,2
24,MD,2
24,MD,2
24,MD,2
24,MD,2
24,MD,2
24,MD,2
24,MD,2
24,MD,2
24,MD,2
24,MD,2
24,MD,2
24,MD,2
24,MD,2
24,MD,2
24,MD,2
24,MD,2
24,MD,2
24,MD,2
24,MD,2
24,MD,2
24,MD,2
24,MD,2
24,MD,2
24,MD,2
24,MD,2
24,MD,2
15,HI,2
48,TX,2
48,TX,2
48,TX,2
48,TX,2
6,CA,2
6,CA,2
6,CA,2
6,CA,2
6,CA,2
12,FL,2
12,FL,2
12,FL,2
12,FL,2
12,FL,2
12,FL,2
12,FL,2
12,FL,2
12,FL,2
12,FL,2
12,FL,2
12,FL,2
12,FL,2
12,FL,2
12,FL,2
12,FL,2
12,FL,2
12,FL,2
12,FL,2
12,FL,2
12,FL,2
12,FL,2
12,FL,2
12,FL,2
12,FL,2
12,FL,2
12,FL,2
12,FL,2
12,FL,2
12,FL,2
12,FL,2
12,FL,2
12,FL,2
12,FL,2
12,FL,2
12,FL,2
12,FL,2
12,FL,2
12,FL,2
12,FL,2
12,FL,2
12,FL,2
12,FL,2
12,FL,2
12,FL,2
12,FL,2
12,FL,2
12,FL,2
12,FL,2
12,FL,2
12,FL,2
12,FL,2
12,FL,2
12,FL,2
12,FL,2
12,FL,2
12,FL,2
12,FL,2
12,FL,2
12,FL,2
12,FL,2
12,FL,2
12,FL,2
12,FL,2
12,FL,2
12,FL,2
12,FL,2
12,FL,2
12,FL,2
2,AL,2
2,AL,2
2,AL,2
2,AL,2
2,AL,2
12,FL,1
12,FL,1
12,FL,2
12,FL,2
12,FL,2
12,FL,2
12,FL,2
42,PA,2
42,PA,2
42,PA,2
42,PA,2
42,PA,2
6,CA,2
42,PA,2
42,PA,2
42,PA,2
42,PA,2
42,PA,2
47,TN,2
47,TN,2
10,DE,1
34,NJ,1
34,NJ,1
44,RI,2
44,RI,2
44,RI,2
44,RI,2
44,RI,2
44,RI,2
44,RI,2
44,RI,2
44,RI,2
44,RI,2
44,RI,2
44,RI,2
44,RI,2
44,RI,2
44,RI,2
44,RI,2
44,RI,2
44,RI,2
44,RI,2
44,RI,2
44,RI,2
44,RI,2
44,RI,2
44,RI,2
44,RI,2
44,RI,2
6,CA,2
6,CA,2
6,CA,2
6,CA,2
6,CA,2
6,CA,2
6,CA,2
6,CA,2
6,CA,2
6,CA,2
6,CA,2
6,CA,2
6,CA,2
6,CA,2
6,CA,2
6,CA,2
6,CA,2
6,CA,2
6,CA,2
6,CA,2
6,CA,2
6,CA,2
6,CA,2
6,CA,1
51,VA,2
51,VA,2
51,VA,2
51,VA,2
51,VA,2
6,CA,2
6,CA,2
6,CA,2
6,CA,2
6,CA,2
6,CA,2
6,CA,2
6,CA,0
6,CA,2
6,CA,2
6,CA,0
6,CA,2
6,CA,2
6,CA,2
6,CA,2
6,CA,2
6,CA,0
6,CA,2
6,CA,2
6,CA,2
6,CA,2
6,CA,2
24,MD,2
24,MD,2
24,MD,2
24,MD,2
32,NV,1
32,NV,1
55,WI,2
55,WI,2
55,WI,2
55,WI,2
55,WI,2
24,MD,2
24,MD,2
24,MD,2
24,MD,2
24,MD,2
19,IA,1
4,AZ,1
4,AZ,1
12,FL,2
48,TX,2
48,TX,1
36,NY,2
36,NY,2
36,NY,2
36,NY,2
36,NY,2
36,NY,2
41,OR,1
26,MI,2
26,MI,2
26,MI,2
26,MI,2
26,MI,2
10,DE,2
10,DE,2
10,DE,2
10,DE,2
10,DE,2
8,CO,2
8,CO,1
8,CO,1
6,CA,2
6,CA,2
6,CA,2
6,CA,2
6,CA,1
27,MN,1
15,HI,2
15,HI,2
15,HI,2
15,HI,2
15,HI,2
4,AZ,2
4,AZ,2
4,AZ,2
4,AZ,2
23,ME,1
23,ME,1
4,AZ,2
4,AZ,2
20,KS,1
48,TX,2
48,TX,2
48,TX,2
48,TX,2
48,TX,1
48,TX,1
8,CO,2
8,CO,2
8,CO,2
37,NC,1
9,CT,2
45,SC,2
48,TX,2
48,TX,2
48,TX,2
48,TX,2
48,TX,2
49,UT,2
49,UT,2
49,UT,2
49,UT,2
49,UT,2
49,UT,2
49,UT,2
49,UT,2
22,LA,2
22,LA,2
22,LA,2
22,LA,2
6,CA,2
6,CA,1
22,LA,2
22,LA,2
22,LA,2
22,LA,2
22,LA,2
42,PA,1
42,PA,1
42,PA,2
42,PA,2
42,PA,2
42,PA,2
42,PA,2
42,PA,2
42,PA,2
42,PA,2
8,CO,2
8,CO,2
8,CO,2
8,CO,1
18,IN,2
18,IN,2
18,IN,2
18,IN,2
18,IN,2
34,NJ,1
34,NJ,1
34,NJ,1
34,NJ,1
48,TX,2
48,TX,2
48,TX,2
48,TX,2
12,FL,2
12,FL,2
12,FL,2
12,FL,2
12,FL,2
12,FL,2
12,FL,2
12,FL,2
12,FL,2
12,FL,2
12,FL,2
12,FL,2
12,FL,2
12,FL,2
12,FL,2
12,FL,2
12,FL,2
12,FL,2
12,FL,2
12,FL,2
12,FL,2
12,FL,2
12,FL,2
12,FL,2
12,FL,2
12,FL,2
12,FL,2
12,FL,2
12,FL,2
12,FL,2
12,FL,2
12,FL,2
12,FL,2
12,FL,2
12,FL,2
12,FL,2
12,FL,1
4,AZ,1
19,IA,1
6,CA,1
29,MO,1
6,CA,2
6,CA,2
6,CA,2
6,CA,2
6,CA,2
6,CA,2
6,CA,2
6,CA,2
6,CA,2
6,CA,2
6,CA,2
6,CA,2
6,CA,2
6,CA,2
6,CA,2
6,CA,2
6,CA,2
6,CA,2
6,CA,2
6,CA,2
6,CA,2
6,CA,2
6,CA,2
6,CA,2
6,CA,2
6,CA,2
6,CA,2
6,CA,2
6,CA,2
6,CA,2
32,NV,2
32,NV,2
32,NV,2
32,NV,2
32,NV,2
6,CA,2
48,TX,1
36,NY,1
26,MI,1
29,MO,2
29,MO,2
29,MO,2
29,MO,1
29,MO,1
48,TX,2
48,TX,1
25,MA,2
25,MA,2
25,MA,2
25,MA,2
25,MA,2
36,NY,1
36,NY,1
34,NJ,2
34,NJ,2
37,NC,2
37,NC,2
37,NC,2
37,NC,2
37,NC,2
12,FL,2
12,FL,2
12,FL,2
12,FL,2
12,FL,2
44,RI,1
44,RI,1
55,WI,2
55,WI,2
55,WI,2
37,NC,1
12,FL,2
12,FL,2
12,FL,2
12,FL,2
12,FL,2
2,AL,1
6,CA,2
6,CA,2
6,CA,2
6,CA,2
6,CA,2
47,TN,1
47,TN,1
55,WI,1
6,CA,2
32,NV,2
32,NV,2
12,FL,1
53,WA,1
48,TX,2
48,TX,2
48,TX,2
48,TX,2
48,TX,2
29,MO,2
29,MO,2
29,MO,2
29,MO,2
29,MO,2
29,MO,2
29,MO,2
29,MO,2
8,CO,2
8,CO,2
8,CO,2
8,CO,2
8,CO,2
17,IL,1
12,FL,2
12,FL,2
12,FL,2
12,FL,2
12,FL,2
18,IN,1
18,IN,1
26,MI,2
26,MI,2
39,OH,1
26,MI,2
26,MI,2
26,MI,2
26,MI,2
26,MI,2
42,PA,2
42,PA,2
42,PA,2
42,PA,2
13,GA,2
42,PA,2
42,PA,2
42,PA,2
42,PA,2
42,PA,2
8,CO,2
8,CO,2
8,CO,2
8,CO,2
8,CO,2
12,FL,1
13,GA,2
13,GA,2
13,GA,2
13,GA,2
13,GA,2
53,WA,1
53,WA,1
53,WA,1
53,WA,1
53,WA,1
53,WA,1
53,WA,1
53,WA,1
53,WA,1
53,WA,1
53,WA,1
53,WA,1
53,WA,1
53,WA,1
53,WA,1
53,WA,1
53,WA,1
53,WA,1
53,WA,1
53,WA,1
53,WA,1
53,WA,1
53,WA,1
53,WA,1
53,WA,1
48,TX,2
48,TX,2
48,TX,2
48,TX,2
6,CA,1
6,CA,1
6,CA,1
6,CA,1
6,CA,1
6,CA,1
6,CA,1
6,CA,1
6,CA,1
12,FL,2
12,FL,2
12,FL,2
12,FL,2
12,FL,2
34,NJ,2
34,NJ,2
34,NJ,2
34,NJ,2
34,NJ,2
34,NJ,1
35,NM,2
35,NM,2
35,NM,2
35,NM,2
35,NM,2
35,NM,2
35,NM,2
35,NM,2
53,WA,2
53,WA,2
53,WA,2
53,WA,2
53,WA,2
53,WA,2
53,WA,2
53,WA,2
53,WA,2
53,WA,2
15,HI,1
15,HI,1
8,CO,1
8,CO,1
39,OH,1
12,FL,2
12,FL,2
12,FL,2
24,MD,1
12,FL,2
12,FL,2
12,FL,2
12,FL,2
12,FL,2
12,FL,2
12,FL,2
12,FL,2
9,CT,2
9,CT,2
9,CT,2
9,CT,2
45,SC,1
2,AL,1
2,AL,1
2,AL,1
2,AL,1
2,AL,1
2,AL,1
42,PA,1
24,MD,2
24,MD,2
24,MD,2
24,MD,2
24,MD,2
51,VA,2
51,VA,2
51,VA,2
51,VA,2
51,VA,2
34,NJ,2
34,NJ,2
34,NJ,2
34,NJ,2
34,NJ,1
6,CA,2
6,CA,2
6,CA,2
6,CA,1
36,NY,2
36,NY,2
36,NY,2
36,NY,2
36,NY,2
42,PA,1
42,PA,1
42,PA,1
42,PA,1
12,FL,2
12,FL,2
12,FL,2
4,AZ,2
4,AZ,2
4,AZ,2
4,AZ,2
4,AZ,2
4,AZ,2
4,AZ,2
4,AZ,2
4,AZ,2
4,AZ,2
4,AZ,2
4,AZ,2
4,AZ,2
4,AZ,2
4,AZ,2
4,AZ,1
26,MI,2
26,MI,2
26,MI,2
26,MI,2
26,MI,2
26,MI,2
26,MI,2
26,MI,2
26,MI,2
26,MI,2
26,MI,2
26,MI,2
26,MI,2
26,MI,2
26,MI,2
26,MI,2
26,MI,2
26,MI,2
26,MI,2
26,MI,2
26,MI,2
26,MI,2
26,MI,2
26,MI,2
26,MI,2
26,MI,2
26,MI,2
26,MI,2
26,MI,2
26,MI,2
26,MI,2
26,MI,2
26,MI,2
26,MI,2
26,MI,2
26,MI,2
26,MI,2
26,MI,2
26,MI,2
26,MI,2
26,MI,2
26,MI,2
26,MI,2
26,MI,2
26,MI,2
26,MI,2
26,MI,2
26,MI,2
26,MI,2
26,MI,2
26,MI,2
26,MI,2
26,MI,2
26,MI,2
26,MI,2
26,MI,2
42,PA,1
42,PA,1
32,NV,2
32,NV,2
32,NV,2
32,NV,2
32,NV,2
32,NV,2
32,NV,2
32,NV,2
32,NV,2
32,NV,2
32,NV,2
32,NV,2
32,NV,2
27,MN,2
12,FL,1
12,FL,1
6,CA,2
6,CA,2
6,CA,2
24,MD,2
24,MD,2
24,MD,2
24,MD,2
24,MD,2
6,CA,2
6,CA,2
6,CA,2
6,CA,2
6,CA,2
6,CA,2
6,CA,2
6,CA,2
6,CA,2
6,CA,2
6,CA,2
6,CA,2
6,CA,2
6,CA,2
6,CA,2
6,CA,2
6,CA,2
6,CA,2
6,CA,2
6,CA,2
6,CA,2
6,CA,2
6,CA,2
6,CA,2
6,CA,2
6,CA,2
6,CA,2
6,CA,2
6,CA,2
6,CA,2
6,CA,2
6,CA,2
6,CA,2
6,CA,2
6,CA,2
6,CA,2
6,CA,2
6,CA,2
6,CA,2
6,CA,2
6,CA,2
6,CA,2
6,CA,2
6,CA,2
6,CA,2
6,CA,2
6,CA,2
6,CA,2
6,CA,2
6,CA,2
6,CA,2
6,CA,2
6,CA,2
6,CA,2
6,CA,2
6,CA,2
6,CA,2
6,CA,2
6,CA,2
6,CA,2
6,CA,2
6,CA,2
39,OH,2
39,OH,2
48,TX,2
48,TX,2
48,TX,2
48,TX,2
48,TX,2
48,TX,2
48,TX,2
48,TX,2
48,TX,2
48,TX,2
48,TX,2
48,TX,2
12,FL,2
48,TX,0
4,AZ,2
4,AZ,2
4,AZ,2
42,PA,2
42,PA,2
42,PA,2
42,PA,2
42,PA,2
29,MO,2
29,MO,2
29,MO,2
29,MO,2
29,MO,2
29,MO,2
29,MO,2
29,MO,1
36,NY,1
36,NY,2
36,NY,2
36,NY,2
36,NY,2
12,FL,2
12,FL,2
12,FL,2
34,NJ,1
34,NJ,2
34,NJ,2
34,NJ,2
34,NJ,2
34,NJ,2
34,NJ,2
34,NJ,2
34,NJ,2
34,NJ,2
34,NJ,2
34,NJ,2
34,NJ,2
34,NJ,2
6,CA,2
6,CA,2
6,CA,2
6,CA,2
6,CA,2
6,CA,2
6,CA,2
6,CA,2
6,CA,2
6,CA,2
6,CA,2
6,CA,2
6,CA,2
6,CA,2
6,CA,2
6,CA,2
6,CA,2
6,CA,2
6,CA,2
6,CA,2
6,CA,2
6,CA,2
6,CA,2
6,CA,2
6,CA,2
6,CA,2
6,CA,2
6,CA,2
6,CA,2
6,CA,2
6,CA,2
6,CA,2
6,CA,2
6,CA,2
6,CA,2
6,CA,2
6,CA,2
6,CA,2
6,CA,2
6,CA,2
6,CA,2
6,CA,2
48,TX,2
48,TX,2
48,TX,2
48,TX,2
48,TX,2
48,TX,2
48,TX,2
48,TX,2
48,TX,2
48,TX,2
48,TX,2
48,TX,2
48,TX,2
48,TX,2
48,TX,2
48,TX,2
48,TX,2
48,TX,2
48,TX,2
48,TX,2
48,TX,2
48,TX,2
48,TX,2
48,TX,2
48,TX,2
48,TX,2
48,TX,2
48,TX,2
48,TX,2
48,TX,2
48,TX,2
48,TX,2
48,TX,2
48,TX,2
48,TX,2
48,TX,1
48,TX,1
51,VA,2
51,VA,2
51,VA,2
51,VA,2
51,VA,2
27,MN,1
17,IL,2
17,IL,2
17,IL,2
17,IL,2
6,CA,2
6,CA,2
6,CA,2
6,CA,2
6,CA,2
48,TX,2
53,WA,2
53,WA,2
48,TX,2
49,UT,2
49,UT,2
49,UT,2
37,NC,1
39,OH,1
39,OH,1
6,CA,2
6,CA,2
6,CA,2
6,CA,2
6,CA,2
6,CA,2
6,CA,2
6,CA,2
6,CA,2
6,CA,2
6,CA,2
6,CA,2
6,CA,2
6,CA,2
6,CA,2
6,CA,2
6,CA,2
6,CA,2
6,CA,2
6,CA,2
6,CA,2
6,CA,2
6,CA,2
6,CA,2
6,CA,2
6,CA,2
6,CA,2
6,CA,2
6,CA,2
6,CA,2
6,CA,2
6,CA,2
6,CA,2
6,CA,2
6,CA,2
6,CA,2
6,CA,2
6,CA,2
6,CA,2
6,CA,2
6,CA,2
6,CA,2
6,CA,2
6,CA,2
6,CA,2
6,CA,2
48,TX,1
26,MI,2
26,MI,2
26,MI,2
26,MI,2
26,MI,2
26,MI,2
26,MI,2
26,MI,2
26,MI,2
26,MI,2
26,MI,2
26,MI,2
26,MI,2
26,MI,2
26,MI,2
26,MI,2
26,MI,2
26,MI,2
12,FL,2
47,TN,1
27,MN,2
27,MN,2
27,MN,2
27,MN,2
27,MN,2
27,MN,2
21,KY,2
21,KY,2
21,KY,2
21,KY,2
21,KY,2
23,ME,1
6,CA,1
6,CA,1
6,CA,2
6,CA,2
6,CA,2
6,CA,2
6,CA,2
6,CA,2
6,CA,2
6,CA,2
6,CA,2
6,CA,2
6,CA,2
6,CA,2
6,CA,2
6,CA,2
6,CA,2
6,CA,2
6,CA,2
6,CA,2
6,CA,2
6,CA,2
6,CA,2
6,CA,2
6,CA,2
6,CA,2
6,CA,2
6,CA,2
6,CA,2
6,CA,2
6,CA,2
6,CA,2
6,CA,2
6,CA,2
6,CA,2
6,CA,2
6,CA,2
6,CA,2
6,CA,2
13,GA,1
24,MD,1
4,AZ,2
4,AZ,2
4,AZ,2
4,AZ,2
4,AZ,2
4,AZ,2
4,AZ,1
4,AZ,2
4,AZ,1
4,AZ,1
4,AZ,2
24,MD,1
8,CO,2
8,CO,2
8,CO,2
8,CO,2
8,CO,2
42,PA,1
42,PA,1
42,PA,1
42,PA,1
22,LA,1
12,FL,2
12,FL,2
12,FL,2
12,FL,2
12,FL,2
12,FL,2
12,FL,2
12,FL,2
12,FL,2
12,FL,2
12,FL,2
12,FL,2
12,FL,2
12,FL,2
12,FL,2
12,FL,2
12,FL,2
12,FL,2
8,CO,2
8,CO,2
8,CO,2
8,CO,2
8,CO,2
8,CO,2
8,CO,2
8,CO,2
8,CO,2
8,CO,2
8,CO,2
8,CO,2
8,CO,2
8,CO,2
8,CO,2
8,CO,2
8,CO,2
8,CO,2
8,CO,2
8,CO,2
8,CO,2
8,CO,2
8,CO,2
8,CO,2
8,CO,2
8,CO,2
8,CO,2
8,CO,2
8,CO,2
8,CO,2
8,CO,2
8,CO,2
8,CO,2
8,CO,2
8,CO,2
8,CO,2
8,CO,2
8,CO,2
8,CO,2
8,CO,2
8,CO,2
8,CO,2
8,CO,2
8,CO,2
8,CO,2
8,CO,2
8,CO,2
8,CO,2
51,VA,1
42,PA,2
13,GA,2
13,GA,2
13,GA,2
13,GA,2
17,IL,2
17,IL,2
17,IL,2
17,IL,2
17,IL,2
37,NC,2
37,NC,2
37,NC,2
37,NC,2
37,NC,2
42,PA,2
42,PA,2
42,PA,2
42,PA,2
42,PA,2
42,PA,2
42,PA,2
42,PA,2
42,PA,2
42,PA,2
42,PA,2
42,PA,2
42,PA,2
42,PA,2
42,PA,2
42,PA,2
42,PA,2
42,PA,2
42,PA,2
42,PA,2
42,PA,2
42,PA,2
42,PA,2
48,TX,2
25,MA,2
25,MA,2
25,MA,2
6,CA,2
6,CA,2
6,CA,2
6,CA,1
6,CA,2
6,CA,2
6,CA,2
6,CA,1
34,NJ,2
34,NJ,2
34,NJ,2
34,NJ,2
34,NJ,2
42,PA,2
42,PA,2
36,NY,2
36,NY,2
36,NY,2
36,NY,2
36,NY,2
34,NJ,1
34,NJ,1
53,WA,1
45,SC,1
24,MD,2
24,MD,2
24,MD,2
24,MD,2
24,MD,2
12,FL,2
12,FL,2
12,FL,2
12,FL,2
12,FL,2
12,FL,2
12,FL,2
12,FL,2
12,FL,2
12,FL,2
12,FL,2
12,FL,2
12,FL,2
12,FL,2
12,FL,2
12,FL,2
12,FL,2
12,FL,2
12,FL,2
12,FL,2
12,FL,2
12,FL,2
12,FL,2
12,FL,2
12,FL,2
12,FL,2
12,FL,2
12,FL,2
12,FL,2
12,FL,2
12,FL,2
12,FL,2
12,FL,2
12,FL,2
12,FL,2
12,FL,2
12,FL,2
12,FL,2
12,FL,2
12,FL,2
12,FL,2
12,FL,2
12,FL,2
12,FL,2
12,FL,2
12,FL,2
12,FL,2
12,FL,2
12,FL,2
12,FL,2
12,FL,2
12,FL,2
12,FL,2
12,FL,2
12,FL,2
12,FL,2
12,FL,2
12,FL,2
12,FL,2
12,FL,2
12,FL,2
12,FL,2
48,TX,1
48,TX,1
41,OR,1
41,OR,1
41,OR,1
41,OR,1
41,OR,1
41,OR,1
48,TX,2
48,TX,2
48,TX,2
4,AZ,2
4,AZ,2
53,WA,2
53,WA,2
53,WA,2
53,WA,2
53,WA,2
53,WA,2
53,WA,2
53,WA,2
53,WA,1
41,OR,2
41,OR,2
42,PA,2
42,PA,2
42,PA,2
42,PA,2
42,PA,2
6,CA,1
6,CA,1
36,NY,2
36,NY,2
36,NY,2
36,NY,2
25,MA,2
25,MA,2
25,MA,2
25,MA,2
25,MA,2
25,MA,2
25,MA,2
25,MA,2
25,MA,2
25,MA,2
25,MA,2
25,MA,2
25,MA,2
25,MA,2
25,MA,2
25,MA,2
25,MA,2
25,MA,2
36,NY,2
36,NY,2
36,NY,2
36,NY,2
36,NY,2
24,MD,1
24,MD,1
24,MD,1
24,MD,1
24,MD,1
24,MD,1
24,MD,1
24,MD,1
24,MD,1
24,MD,1
39,OH,2
39,OH,2
39,OH,2
39,OH,2
39,OH,2
39,OH,2
39,OH,2
39,OH,2
39,OH,2
39,OH,2
39,OH,2
39,OH,2
39,OH,2
39,OH,2
42,PA,1
42,PA,1
13,GA,1
12,FL,2
12,FL,1
34,NJ,2
34,NJ,2
34,NJ,2
23,ME,1
23,ME,1
23,ME,1
12,FL,2
12,FL,2
34,NJ,1
34,NJ,1
36,NY,2
36,NY,2
36,NY,2
36,NY,2
36,NY,2
36,NY,2
36,NY,2
36,NY,2
36,NY,2
36,NY,2
36,NY,2
55,WI,2
55,WI,2
55,WI,2
55,WI,2
12,FL,1
17,IL,2
17,IL,2
12,FL,1
2,AL,2
2,AL,2
2,AL,2
2,AL,2
2,AL,2
6,CA,2
6,CA,2
6,CA,2
6,CA,2
6,CA,2
34,NJ,1
53,WA,1
4,AZ,2
4,AZ,2
4,AZ,2
4,AZ,2
4,AZ,2
51,VA,2
8,CO,1
48,TX,2
48,TX,2
25,MA,1
18,IN,2
18,IN,2
18,IN,2
18,IN,2
18,IN,2
12,FL,1
39,OH,2
39,OH,2
39,OH,2
48,TX,1
6,CA,2
6,CA,2
6,CA,2
6,CA,2
6,CA,2
6,CA,2
6,CA,2
6,CA,2
6,CA,2
6,CA,2
6,CA,2
6,CA,2
6,CA,2
6,CA,2
6,CA,2
6,CA,2
6,CA,2
6,CA,2
6,CA,2
6,CA,2
6,CA,2
6,CA,2
6,CA,2
6,CA,2
6,CA,2
6,CA,2
6,CA,2
6,CA,2
6,CA,2
6,CA,2
6,CA,2
6,CA,2
6,CA,2
6,CA,2
6,CA,2
6,CA,2
6,CA,2
6,CA,2
6,CA,2
6,CA,2
6,CA,2
6,CA,2
6,CA,2
6,CA,2
6,CA,2
6,CA,2
6,CA,2
6,CA,2
6,CA,2
6,CA,2
6,CA,2
6,CA,2
6,CA,2
6,CA,2
6,CA,2
6,CA,2
6,CA,2
6,CA,2
6,CA,2
6,CA,2
6,CA,2
6,CA,2
6,CA,2
6,CA,2
6,CA,2
6,CA,2
6,CA,1
6,CA,2
6,CA,2
6,CA,2
6,CA,2
6,CA,2
6,CA,2
6,CA,2
6,CA,2
6,CA,2
6,CA,2
6,CA,2
6,CA,2
6,CA,2
6,CA,2
6,CA,2
6,CA,2
6,CA,2
6,CA,2
6,CA,2
6,CA,2
6,CA,2
6,CA,2
6,CA,2
6,CA,2
6,CA,2
6,CA,2
6,CA,2
6,CA,2
6,CA,2
6,CA,2
6,CA,2
6,CA,2
6,CA,2
6,CA,2
6,CA,2
6,CA,2
6,CA,2
6,CA,2
6,CA,2
6,CA,2
6,CA,2
6,CA,2
6,CA,2
6,CA,2
6,CA,2
6,CA,2
6,CA,2
6,CA,2
6,CA,2
6,CA,2
6,CA,2
6,CA,2
6,CA,2
6,CA,2
6,CA,2
6,CA,2
6,CA,2
6,CA,2
6,CA,2
6,CA,2
6,CA,2
6,CA,2
6,CA,2
6,CA,2
6,CA,2
6,CA,2
6,CA,1
42,PA,2
39,OH,2
39,OH,2
39,OH,2
39,OH,2
39,OH,2
17,IL,2
12,FL,1
19,IA,1
6,CA,2
13,GA,2
13,GA,2
13,GA,2
2,AL,1
2,AL,1
24,MD,2
25,MA,2
25,MA,2
17,IL,2
17,IL,2
26,MI,1
26,MI,1
26,MI,1
6,CA,2
12,FL,1
12,FL,1
17,IL,2
17,IL,2
17,IL,2
17,IL,2
17,IL,2
17,IL,2
17,IL,2
17,IL,2
17,IL,2
17,IL,2
6,CA,2
6,CA,2
6,CA,2
6,CA,2
6,CA,2
39,OH,2
9,CT,2
9,CT,2
9,CT,2
9,CT,2
6,CA,1
32,NV,2
32,NV,2
32,NV,2
32,NV,2
12,FL,2
12,FL,2
12,FL,2
12,FL,2
12,FL,2
12,FL,2
12,FL,2
12,FL,2
12,FL,2
12,FL,2
12,FL,2
12,FL,2
12,FL,2
12,FL,2
12,FL,2
12,FL,2
12,FL,2
12,FL,2
12,FL,2
12,FL,2
12,FL,2
12,FL,2
12,FL,2
12,FL,2
12,FL,2
12,FL,2
12,FL,1
39,OH,1
36,NY,2
36,NY,2
36,NY,2
36,NY,2
36,NY,2
36,NY,2
36,NY,2
36,NY,2
36,NY,2
36,NY,2
36,NY,2
36,NY,2
36,NY,2
36,NY,2
36,NY,2
36,NY,2
36,NY,2
36,NY,2
36,NY,2
36,NY,2
39,OH,2
39,OH,2
39,OH,2
48,TX,1
31,NE,1
8,CO,2
42,PA,1
6,CA,1
6,CA,1
6,CA,1
45,SC,1
45,SC,1
6,CA,1
6,CA,1
13,GA,1
13,GA,1
12,FL,1
27,MN,1
42,PA,1
17,IL,1
18,IN,1
12,FL,1
39,OH,1
2,AL,1
2,AL,1
13,GA,1
12,FL,1
21,KY,1
12,FL,1
6,CA,1
6,CA,1
6,CA,1
12,FL,1
27,MN,1
13,GA,1
48,TX,1
13,GA,1
6,CA,1
26,MI,1
6,CA,1
39,OH,1
12,FL,1
40,OK,1
32,NV,1
4,AZ,1
37,NC,1
26,MI,1
48,TX,1
41,OR,1
17,IL,1
13,GA,1
13,GA,1
13,GA,1
9,CT,1
28,MS,1
37,NC,1
25,MA,1
8,CO,1
42,PA,1
6,CA,1
37,NC,1
32,NV,1
9,CT,1
6,CA,1
34,NJ,1
34,NJ,1
13,GA,1
49,UT,1
51,VA,1
34,NJ,1
41,OR,1
8,CO,1
12,FL,1
8,CO,1
8,CO,1
36,NY,1
12,FL,1
6,CA,1
6,CA,1
21,KY,1
29,MO,1
48,TX,1
42,PA,1
36,NY,1
36,NY,1
13,GA,1
34,NJ,1
47,TN,1
32,NV,1
36,NY,1
53,WA,1
18,IN,1
48,TX,1
18,IN,1
18,IN,1
18,IN,1
6,CA,1
6,CA,1
6,CA,1
24,MD,1
51,VA,1
17,IL,1
22,LA,1
48,TX,1
22,LA,1
5,AR,1
5,AR,1
48,TX,1
48,TX,1
48,TX,1
53,WA,1
53,WA,1
28,MS,1
21,KY,1
33,NH,1
36,NY,1
36,NY,1
36,NY,1
36,NY,1
48,TX,1
48,TX,1
48,TX,1
42,PA,1
38,ND,1
6,CA,1
42,PA,1
12,FL,1
4,AZ,1
48,TX,1
48,TX,1
36,NY,1
4,AZ,1
4,AZ,1
4,AZ,1
36,NY,1
42,PA,1
51,VA,1
51,VA,1
8,CO,1
12,FL,1
6,CA,1
42,PA,1
53,WA,1
4,AZ,1
4,AZ,1
41,OR,1
6,CA,1
25,MA,1
51,VA,1
12,FL,1
34,NJ,1
48,TX,1
24,MD,1
48,TX,1
6,CA,1
41,OR,1
51,VA,1
6,CA,1
6,CA,1
29,MO,1
42,PA,1
26,MI,1
6,CA,1
34,NJ,1
51,VA,1
4,AZ,1
37,NC,1
37,NC,1
12,FL,1
12,FL,1
12,FL,1
6,CA,1
6,CA,1
6,CA,1
12,FL,1
53,WA,1
17,IL,1
32,NV,1
12,FL,1
13,GA,1
51,VA,1
6,CA,1
22,LA,1
51,VA,1
51,VA,1
48,TX,1
22,LA,1
4,AZ,1
6,CA,1
17,IL,1
40,OK,1
40,OK,1
29,MO,1
6,CA,1
6,CA,1
2,AL,1
2,AL,1
2,AL,1
34,NJ,1
34,NJ,1
4,AZ,1
6,CA,1
6,CA,1
6,CA,1
11,DC,1
2,AK,1
15,HI,1
46,SD,1
45,SC,1
13,GA,1
34,NJ,1
4,AZ,1
36,NY,1
6,CA,1
13,GA,1
37,NC,1
37,NC,1
6,CA,1
48,TX,1
34,NJ,1
6,CA,1
6,CA,1
6,CA,1
42,PA,1
37,NC,1
25,MA,1
36,NY,1
36,NY,1
6,CA,1
53,WA,1
34,NJ,1
34,NJ,1
39,OH,1
42,PA,1
6,CA,1
6,CA,1
41,OR,1
6,CA,1
6,CA,1
13,GA,1
49,UT,1
36,NY,1
6,CA,1
41,OR,1
41,OR,1
55,WI,1
55,WI,1
26,MI,1
6,CA,1
8,CO,1
48,TX,1
27,MN,1
53,WA,1
48,TX,1
48,TX,1
6,CA,1
6,CA,1
53,WA,1
4,AZ,1
17,IL,1
6,CA,1
4,AZ,1
4,AZ,1
12,FL,1
37,NC,1
37,NC,1
41,OR,1
41,OR,1
29,MO,1
41,OR,1
12,FL,1
42,PA,1
12,FL,1
12,FL,1
42,PA,1
42,PA,1
13,GA,1
13,GA,1
13,GA,1
39,OH,1
6,CA,1
13,GA,1
25,MA,1
22,LA,1
23,ME,1
12,FL,1
12,FL,1
12,FL,1
29,MO,1
12,FL,1
12,FL,1
48,TX,1
4,AZ,1
4,AZ,1
37,NC,1
6,CA,1
22,LA,1
37,NC,1
45,SC,1
36,NY,1
27,MN,1
13,GA,1
37,NC,1
42,PA,1
42,PA,1
12,FL,1
48,TX,1
48,TX,1
48,TX,1
12,FL,1
34,NJ,1
32,NV,1
45,SC,1
13,GA,1
49,UT,1
49,UT,1
47,TN,1
6,CA,1
48,TX,1
48,TX,1
6,CA,1
6,CA,1
6,CA,1
12,FL,1
34,NJ,1
55,WI,1
37,NC,1
42,PA,1
12,FL,1
8,CO,1
4,AZ,1
53,WA,1
24,MD,1
8,CO,1
8,CO,1
47,TN,1
22,LA,1
45,SC,1
45,SC,1
37,NC,1
6,CA,1
6,CA,1
6,CA,1
6,CA,1
48,TX,1
12,FL,1
37,NC,1
26,MI,1
32,NV,1
6,CA,1
6,CA,1
18,IN,1
36,NY,1
37,NC,1
12,FL,1
53,WA,1
2,AL,1
37,NC,1
12,FL,1
26,MI,1
53,WA,1
34,NJ,1
6,CA,1
48,TX,1
6,CA,1
13,GA,1
12,FL,1
17,IL,1
17,IL,1
6,CA,1
6,CA,1
8,CO,1
6,CA,1
12,FL,1
18,IN,1
6,CA,1
17,IL,1
17,IL,1
17,IL,1
36,NY,1
51,VA,1
51,VA,1
51,VA,1
40,OK,1
8,CO,1
8,CO,1
8,CO,1
39,OH,1
42,PA,1
42,PA,1
42,PA,1
6,CA,1
6,CA,1
17,IL,1
17,IL,1
8,CO,1
24,MD,1
22,LA,1
30,MT,1
42,PA,1
8,CO,1
48,TX,1
48,TX,1
17,IL,1
27,MN,1
8,CO,1
55,WI,1
21,KY,1
53,WA,1
6,CA,1
6,CA,1
37,NC,1
37,NC,1
37,NC,1
37,NC,1
21,KY,1
21,KY,1
4,AZ,1
4,AZ,1
4,AZ,1
37,NC,1
37,NC,1
34,NJ,1
12,FL,1
48,TX,1
6,CA,1
25,MA,1
56,WY,1
29,MO,1
39,OH,1
39,OH,1
39,OH,1
39,OH,1
39,OH,1
39,OH,1
39,OH,1
39,OH,1
53,WA,1
11,DC,1
48,TX,1
48,TX,1
12,FL,1
17,IL,1
39,OH,1
37,NC,1
27,MN,1
6,CA,1
2,AL,1
47,TN,1
24,MD,1
12,FL,1
11,DC,1
11,DC,1
11,DC,1
11,DC,1
27,MN,1
17,IL,1
37,NC,1
37,NC,1
6,CA,1
25,MA,1
17,IL,1
39,OH,1
37,NC,1
36,NY,1
13,GA,1
13,GA,1
13,GA,1
13,GA,1
48,TX,1
47,TN,1
37,NC,1
48,TX,1
12,FL,1
48,TX,1
48,TX,1
12,FL,1
48,TX,1
6,CA,1
48,TX,1
24,MD,1
24,MD,1
48,TX,1
45,SC,1
26,MI,1
26,MI,1
17,IL,1
53,WA,1
6,CA,1
6,CA,1
26,MI,1
50,VT,1
21,KY,1
6,CA,1
51,VA,1
37,NC,1
21,KY,1
18,IN,1
18,IN,1
18,IN,1
39,OH,1
13,GA,1
6,CA,1
48,TX,1
48,TX,1
13,GA,1
51,VA,1
31,NE,1
10,DE,1
12,FL,1
6,CA,1
6,CA,1
45,SC,1
6,CA,1
40,OK,1
36,NY,1
36,NY,1
36,NY,1
36,NY,1
42,PA,1
17,IL,1
34,NJ,1
6,CA,1
48,TX,1
49,UT,1
20,KS,1
12,FL,1
2,AL,1
36,NY,1
37,NC,1
42,PA,1
42,PA,1
42,PA,1
12,FL,1
48,TX,1
6,CA,1
6,CA,1
26,MI,1
20,KS,1
6,CA,1
6,CA,1
6,CA,1
47,TN,1
6,CA,1
37,NC,1
37,NC,1
12,FL,1
25,MA,1
12,FL,1
48,TX,1
53,WA,1
49,UT,1
49,UT,1
47,TN,1
2,AL,1
45,SC,1
12,FL,1
39,OH,1
22,LA,1
40,OK,1
37,NC,1
41,OR,1
24,MD,1
37,NC,1
42,PA,1
39,OH,1
12,FL,1
31,NE,1
12,FL,1
32,NV,1
42,PA,1
48,TX,1
34,NJ,1
26,MI,1
26,MI,1
26,MI,1
32,NV,1
32,NV,1
32,NV,1
12,FL,1
31,NE,1
45,SC,1
42,PA,1
42,PA,1
42,PA,1
42,PA,1
6,CA,1
36,NY,1
8,CO,1
32,NV,1
6,CA,1
6,CA,1
26,MI,1
48,TX,1
48,TX,1
48,TX,1
20,KS,1
6,CA,1
12,FL,1
39,OH,1
12,FL,1
4,AZ,1
17,IL,1
35,NM,1
35,NM,1
12,FL,1
51,VA,1
51,VA,1
53,WA,1
12,FL,1
48,TX,1
13,GA,1
24,MD,1
12,FL,1
12,FL,1
45,SC,1
41,OR,1
37,NC,1
37,NC,1
37,NC,1
51,VA,1
53,WA,1
53,WA,1
53,WA,1
53,WA,1
51,VA,1
48,TX,1
9,CT,1
39,OH,1
13,GA,1
13,GA,1
6,CA,1
12,FL,1
12,FL,1
12,FL,1
12,FL,1
48,TX,1
34,NJ,1
34,NJ,1
13,GA,1
8,CO,1
21,KY,1
18,IN,1
18,IN,1
25,MA,1
51,VA,1
6,CA,1
6,CA,1
6,CA,1
6,CA,1
47,TN,1
48,TX,1
19,IA,1
39,OH,1
37,NC,1
12,FL,1
50,VT,1
22,LA,1
12,FL,1
39,OH,1
41,OR,1
22,LA,1
2,AL,1
42,PA,1
24,MD,1
6,CA,1
48,TX,1
48,TX,1
48,TX,1
48,TX,1
4,AZ,1
36,NY,1
17,IL,1
17,IL,1
37,NC,1
24,MD,1
24,MD,1
6,CA,1
34,NJ,1
42,PA,1
18,IN,1
18,IN,1
4,AZ,1
12,FL,1
6,CA,1
47,TN,1
48,TX,1
48,TX,1
6,CA,1
48,TX,1
25,MA,1
2,AL,1
29,MO,1
6,CA,1
10,DE,1
32,NV,1
37,NC,1
37,NC,1
21,KY,1
12,FL,1
12,FL,1
34,NJ,1
36,NY,1
29,MO,1
39,OH,1
18,IN,1
48,TX,1
39,OH,1
5,AR,1
6,CA,1
39,OH,1
48,TX,1
45,SC,1
45,SC,1
6,CA,1
12,FL,1
34,NJ,1
39,OH,1
6,CA,1
6,CA,1
16,ID,1
4,AZ,1
51,VA,1
48,TX,1
13,GA,1
37,NC,1
16,ID,1
12,FL,1
24,MD,1
24,MD,1
37,NC,1
53,WA,1
2,AL,1
6,CA,1
42,PA,1
54,WV,1
12,FL,1
12,FL,1
34,NJ,1
12,FL,1
12,FL,1
48,TX,1
6,CA,1
6,CA,1
40,OK,1
40,OK,1
12,FL,1
12,FL,1
12,FL,1
36,NY,1
36,NY,1
37,NC,1
48,TX,1
6,CA,1
22,LA,1
12,FL,1
12,FL,1
12,FL,1
32,NV,1
45,SC,1
51,VA,1
12,FL,1
6,CA,1
34,NJ,1
34,NJ,1
6,CA,1
25,MA,1
22,LA,1
25,MA,1
20,KS,1
48,TX,1
6,CA,1
6,CA,1
17,IL,1
37,NC,1
37,NC,1
39,OH,1
33,NH,1
12,FL,1
48,TX,1
37,NC,1
48,TX,1
29,MO,1
27,MN,1
6,CA,1
11,DC,1
45,SC,1
47,TN,1
6,CA,1
17,IL,1
37,NC,1
33,NH,1
29,MO,1
53,WA,1
12,FL,1
12,FL,1
29,MO,1
23,ME,1
4,AZ,1
26,MI,1
6,CA,1
12,FL,1
53,WA,1
42,PA,1
18,IN,1
6,CA,1
55,WI,1
27,MN,1
6,CA,1
30,MT,1
12,FL,1
6,CA,1
48,TX,1
48,TX,1
26,MI,1
13,GA,1
45,SC,1
45,SC,1
45,SC,1
42,PA,1
42,PA,1
6,CA,1
37,NC,1
6,CA,1
9,CT,1
11,DC,1
11,DC,1
48,TX,1
37,NC,1
48,TX,1
48,TX,1
18,IN,1
27,MN,1
12,FL,1
6,CA,1
6,CA,1
6,CA,1
6,CA,1
6,CA,1
2,AL,1
34,NJ,1
48,TX,1
36,NY,1
36,NY,1
29,MO,1
48,TX,1
21,KY,1
47,TN,1
13,GA,1
13,GA,1
37,NC,1
18,IN,1
18,IN,1
48,TX,1
37,NC,1
6,CA,1
37,NC,1
48,TX,1
6,CA,1
2,AL,1
34,NJ,1
34,NJ,1
12,FL,1
21,KY,1
12,FL,1
12,FL,1
39,OH,1
35,NM,1
36,NY,1
13,GA,1
13,GA,1
41,OR,1
11,DC,1
39,OH,1
6,CA,1
34,NJ,1
26,MI,1
45,SC,1
41,OR,1
42,PA,1
25,MA,1
25,MA,1
26,MI,1
26,MI,1
18,IN,1
54,WV,1
12,FL,1
13,GA,1
54,WV,1
54,WV,1
39,OH,1
37,NC,1
28,MS,1
26,MI,1
4,AZ,1
45,SC,1
45,SC,1
13,GA,1
13,GA,1
47,TN,1
36,NY,1
36,NY,1
48,TX,1
4,AZ,1
4,AZ,1
42,PA,1
47,TN,1
48,TX,1
34,NJ,1
12,FL,1
36,NY,1
26,MI,1
26,MI,1
13,GA,1
13,GA,1
12,FL,1
55,WI,1
32,NV,1
6,CA,1
18,IN,1
5,AR,1
48,TX,1
48,TX,1
48,TX,1
8,CO,1
6,CA,1
13,GA,1
39,OH,1
24,MD,1
12,FL,1
2,AK,1
24,MD,1
12,FL,1
25,MA,1
39,OH,1
39,OH,1
37,NC,1
6,CA,1
6,CA,1
6,CA,1
6,CA,1
6,CA,1
42,PA,1
51,VA,1
12,FL,1
42,PA,1
42,PA,1
34,NJ,1
50,VT,1
6,CA,1
4,AZ,1
48,TX,1
45,SC,1
19,IA,1
12,FL,1
36,NY,1
55,WI,1
37,NC,1
12,FL,1
48,TX,1
6,CA,1
6,CA,1
6,CA,1
6,CA,1
6,CA,1
6,CA,1
34,NJ,1
41,OR,1
22,LA,1
48,TX,1
48,TX,1
26,MI,1
22,LA,1
25,MA,1
34,NJ,1
8,CO,1
39,OH,1
21,KY,1
13,GA,1
22,LA,1
39,OH,1
39,OH,1
12,FL,1
36,NY,1
47,TN,1
41,OR,1
13,GA,1
21,KY,1
48,TX,1
47,TN,1
34,NJ,1
34,NJ,1
6,CA,1
6,CA,1
48,TX,1
29,MO,1
29,MO,1
12,FL,1
12,FL,1
41,OR,1
26,MI,1
11,DC,1
6,CA,1
29,MO,1
29,MO,1
26,MI,1
34,NJ,1
12,FL,1
41,OR,1
48,TX,1
42,PA,1
49,UT,1
6,CA,1
6,CA,1
37,NC,1
37,NC,1
48,TX,1
48,TX,1
48,TX,1
48,TX,1
48,TX,1
27,MN,1
27,MN,1
6,CA,1
48,TX,1
48,TX,1
53,WA,1
53,WA,1
53,WA,1
53,WA,1
12,FL,1
8,CO,1
18,IN,1
38,ND,1
39,OH,1
39,OH,1
48,TX,1
48,TX,1
8,CO,1
42,PA,1
47,TN,1
36,NY,1
49,UT,1
12,FL,1
4,AZ,1
51,VA,1
51,VA,1
24,MD,1
24,MD,1
27,MN,1
39,OH,1
6,CA,1
6,CA,1
53,WA,1
48,TX,1
37,NC,1
37,NC,1
6,CA,1
51,VA,1
12,FL,1
51,VA,0
41,OR,1
12,FL,1
8,CO,1
4,AZ,1
6,CA,1
16,ID,1
6,CA,1
6,CA,1
6,CA,1
26,MI,1
26,MI,1
13,GA,1
55,WI,1
51,VA,1
18,IN,1
18,IN,1
8,CO,1
17,IL,1
22,LA,1
47,TN,1
12,FL,1
51,VA,1
51,VA,1
12,FL,1
12,FL,1
12,FL,1
12,FL,1
12,FL,1
37,NC,1
5,AR,1
5,AR,1
45,SC,1
17,IL,1
49,UT,1
12,FL,1
29,MO,1
25,MA,1
12,FL,1
48,TX,1
36,NY,1
17,IL,1
39,OH,1
48,TX,1
8,CO,1
12,FL,1
13,GA,1
39,OH,1
48,TX,1
36,NY,1
13,GA,1
6,CA,1
37,NC,1
39,OH,1
39,OH,1
29,MO,1
37,NC,1
6,CA,1
6,CA,1
6,CA,1
21,KY,1
48,TX,1
16,ID,1
16,ID,1
26,MI,1
48,TX,1
6,CA,1
6,CA,1
42,PA,1
9,CT,1
26,MI,1
32,NV,1
30,MT,1
34,NJ,1
36,NY,1
36,NY,1
36,NY,1
20,KS,1
32,NV,1
55,WI,1
6,CA,0
6,CA,1
6,CA,0
6,CA,1
6,CA,1
27,MN,1
12,FL,1
12,FL,1
51,VA,1
29,MO,1
12,FL,0
6,CA,1
24,MD,1
36,NY,1
37,NC,1
24,MD,1
12,FL,1
13,GA,1
22,LA,1
12,FL,1
37,NC,1
34,NJ,1
48,TX,1
42,PA,1
17,IL,1
39,OH,1
48,TX,1
37,NC,1
51,VA,1
20,KS,1
6,CA,1
6,CA,1
6,CA,1
6,CA,1
22,LA,1
12,FL,1
6,CA,1
6,CA,1
48,TX,1
8,CO,1
37,NC,1
21,KY,1
6,CA,1
53,WA,1
48,TX,1
17,IL,1
48,TX,1
48,TX,1
37,NC,1
37,NC,1
39,OH,1
26,MI,1
40,OK,1
39,OH,1
15,HI,1
25,MA,1
12,FL,1
12,FL,1
48,TX,1
13,GA,1
27,MN,1
19,IA,1
22,LA,1
13,GA,1
48,TX,1
41,OR,0
6,CA,1
13,GA,1
45,SC,1
6,CA,1
55,WI,1
55,WI,1
6,CA,1
53,WA,1
12,FL,1
24,MD,1
27,MN,1
26,MI,1
26,MI,1
34,NJ,1
37,NC,1
48,TX,1
29,MO,1
29,MO,1
12,FL,1
53,WA,1
36,NY,0
27,MN,1
55,WI,1
13,GA,1
48,TX,1
12,FL,1
12,FL,1
21,KY,1
45,SC,1
45,SC,1
47,TN,1
49,UT,1
37,NC,1
42,PA,1
12,FL,1
48,TX,1
6,CA,1
34,NJ,1
2,AL,1
39,OH,1
53,WA,1
45,SC,1
36,NY,1
39,OH,1
39,OH,1
4,AZ,1
48,TX,1
48,TX,1
25,MA,1
4,AZ,1
6,CA,1
6,CA,1
17,IL,1
18,IN,1
37,NC,1
37,NC,1
45,SC,1
26,MI,1
12,FL,1
32,NV,1
46,SD,1
34,NJ,1
12,FL,1
39,OH,1
10,DE,1
20,KS,1
9,CT,1
12,FL,1
47,TN,1
29,MO,1
29,MO,1
54,WV,1
36,NY,1
45,SC,1
4,AZ,1
39,OH,1
48,TX,1
13,GA,1
37,NC,1
12,FL,1
37,NC,1
12,FL,1
12,FL,1
47,TN,1
36,NY,1
29,MO,1
45,SC,1
12,FL,1
4,AZ,1
42,PA,1
36,NY,1
41,OR,1
48,TX,1
4,AZ,1
51,VA,1
12,FL,1
26,MI,1
34,NJ,1
6,CA,1
6,CA,1
6,CA,1
6,CA,1
6,CA,1
6,CA,1
6,CA,1
17,IL,1
39,OH,1
42,PA,1
6,CA,1
12,FL,1
6,CA,1
42,PA,1
39,OH,1
13,GA,1
6,CA,1
6,CA,1
17,IL,1
19,IA,1
6,CA,1
6,CA,1
6,CA,1
6,CA,1
6,CA,1
34,NJ,1
26,MI,1
26,MI,1
37,NC,1
37,NC,1
13,GA,1
13,GA,1
13,GA,1
48,TX,1
48,TX,1
2,AL,1
32,NV,1
35,NM,1
32,NV,1
32,NV,1
32,NV,1
32,NV,1
32,NV,1
48,TX,1
39,OH,1
26,MI,1
25,MA,1
12,FL,1
6,CA,1
51,VA,1
48,TX,1
39,OH,1
6,CA,1
6,CA,1
12,FL,1
12,FL,1
6,CA,1
48,TX,1
47,TN,1
12,FL,1
26,MI,1
48,TX,1
37,NC,1
54,WV,1
6,CA,1
51,VA,1
45,SC,1
36,NY,1
37,NC,1
4,AZ,1
12,FL,1
12,FL,1
28,MS,1
29,MO,1
37,NC,1
47,TN,1
51,VA,1
12,FL,1
17,IL,1
33,NH,1
27,MN,1
37,NC,1
48,TX,1
48,TX,1
39,OH,1
12,FL,1
12,FL,1
47,TN,1
9,CT,1
39,OH,1
6,CA,1
48,TX,1
48,TX,1
42,PA,1
6,CA,1
37,NC,1
32,NV,1
47,TN,1
36,NY,1
6,CA,1
39,OH,1
12,FL,1
37,NC,1
39,OH,1
12,FL,1
29,MO,1
18,IN,1
25,MA,1
4,AZ,1
4,AZ,1
6,CA,1
35,NM,1
6,CA,1
24,MD,1
16,ID,1
48,TX,1
8,CO,1
6,CA,1
47,TN,1
18,IN,1
17,IL,1
37,NC,1
53,WA,1
53,WA,1
6,CA,1
6,CA,1
8,CO,1
37,NC,1
37,NC,1
13,GA,1
48,TX,1
36,NY,1
17,IL,1
13,GA,1
48,TX,1
17,IL,1
40,OK,1
5,AR,1
21,KY,1
48,TX,1
25,MA,1
12,FL,1
6,CA,1
37,NC,1
48,TX,1
29,MO,1
26,MI,1
6,CA,1
6,CA,1
37,NC,1
45,SC,1
53,WA,1
53,WA,1
12,FL,1
8,CO,1
37,NC,1
51,VA,1
56,WY,1
24,MD,1
56,WY,1
6,CA,1
6,CA,1
47,TN,1
39,OH,1
39,OH,1
37,NC,1
24,MD,1
28,MS,1
21,KY,1
47,TN,1
25,MA,1
25,MA,1
37,NC,1
42,PA,1
36,NY,1
45,SC,1
21,KY,1
36,NY,1
34,NJ,1
48,TX,1
42,PA,1
17,IL,1
40,OK,1
21,KY,1
35,NM,1
48,TX,1
25,MA,1
41,OR,1
47,TN,1
6,CA,1
26,MI,1
20,KS,1
37,NC,1
48,TX,1
12,FL,1
6,CA,1
53,WA,1
34,NJ,1
6,CA,1
6,CA,1
34,NJ,1
29,MO,1
36,NY,1
49,UT,1
48,TX,1
39,OH,1
22,LA,1
20,KS,1
29,MO,1
34,NJ,1
29,MO,1
51,VA,1
48,TX,1
48,TX,1
26,MI,1
12,FL,1
36,NY,1
48,TX,1
48,TX,1
48,TX,1
47,TN,1
26,MI,1
35,NM,1
40,OK,1
48,TX,1
12,FL,1
47,TN,1
35,NM,1
6,CA,1
36,NY,1
12,FL,1
39,OH,1
10,DE,1
39,OH,1
6,CA,1
13,GA,1
22,LA,1
48,TX,1
48,TX,1
48,TX,1
2,AL,1
48,TX,1
36,NY,1
42,PA,1
6,CA,1
6,CA,1
41,OR,1
6,CA,1
40,OK,1
37,NC,1
51,VA,1
31,NE,1
34,NJ,1
42,PA,1
18,IN,1
48,TX,1
47,TN,1
2,AL,1
12,FL,1
6,CA,1
21,KY,1
21,KY,1
6,CA,1
37,NC,1
37,NC,1
37,NC,1
37,NC,1
12,FL,1
34,NJ,1
6,CA,1
18,IN,1
4,AZ,1
27,MN,1
48,TX,1
48,TX,1
8,CO,1
36,NY,1
6,CA,1
6,CA,1
6,CA,1
6,CA,1
6,CA,1
6,CA,1
39,OH,1
25,MA,1
18,IN,1
20,KS,1
6,CA,1
22,LA,1
10,DE,1
6,CA,1
10,DE,1
10,DE,1
10,DE,1
10,DE,1
54,WV,1
48,TX,1
37,NC,1
21,KY,1
21,KY,1
27,MN,1
27,MN,1
27,MN,1
27,MN,1
6,CA,1
13,GA,1
13,GA,1
2,AK,1
6,CA,1
18,IN,1
6,CA,1
6,CA,1
6,CA,1
6,CA,1
6,CA,1
5,AR,1
6,CA,1
32,NV,1
39,OH,1
2,AL,1
29,MO,1
34,NJ,1
34,NJ,1
34,NJ,1
34,NJ,1
34,NJ,1
13,GA,1
48,TX,1
48,TX,1
37,NC,1
39,OH,1
48,TX,1
48,TX,1
48,TX,1
48,TX,1
48,TX,1
6,CA,1
6,CA,1
37,NC,1
6,CA,1
13,GA,1
13,GA,1
6,CA,1
6,CA,1
15,HI,1
48,TX,1
26,MI,1
42,PA,1
8,CO,1
17,IL,1
20,KS,1
6,CA,1
18,IN,1
47,TN,1
6,CA,1
6,CA,1
54,WV,1
48,TX,1
48,TX,1
5,AR,1
44,RI,1
44,RI,1
44,RI,1
12,FL,1
12,FL,1
51,VA,1
12,FL,1
12,FL,1
55,WI,1
26,MI,1
12,FL,1
17,IL,1
34,NJ,1
13,GA,1
13,GA,1
12,FL,1
55,WI,1
6,CA,1
51,VA,1
48,TX,1
13,GA,1
13,GA,1
13,GA,1
41,OR,1
17,IL,1
17,IL,1
17,IL,1
6,CA,1
48,TX,1
16,ID,1
6,CA,1
6,CA,1
48,TX,1
48,TX,1
48,TX,1
16,ID,1
12,FL,1
33,NH,1
47,TN,1
12,FL,1
12,FL,1
53,WA,1
39,OH,1
39,OH,1
48,TX,1
51,VA,1
8,CO,1
42,PA,1
48,TX,1
32,NV,1
53,WA,1
42,PA,1
42,PA,1
48,TX,1
12,FL,1
41,OR,1
29,MO,1
53,WA,1
49,UT,1
6,CA,1
6,CA,1
6,CA,1
48,TX,1
8,CO,1
41,OR,1
41,OR,1
45,SC,1
45,SC,1
51,VA,1
6,CA,1
6,CA,1
18,IN,1
51,VA,1
53,WA,1
39,OH,1
6,CA,1
10,DE,1
10,DE,1
21,KY,1
17,IL,1
48,TX,1
48,TX,1
6,CA,1
6,CA,1
26,MI,1
12,FL,1
48,TX,1
26,MI,1
26,MI,1
26,MI,1
39,OH,1
48,TX,1
6,CA,1
47,TN,1
25,MA,1
25,MA,1
8,CO,1
51,VA,1
34,NJ,1
34,NJ,1
26,MI,1
48,TX,1
6,CA,1
6,CA,1
6,CA,1
48,TX,1
48,TX,1
55,WI,1
29,MO,1
6,CA,1
24,MD,1
23,ME,1
39,OH,1
11,DC,1
37,NC,1
37,NC,1
48,TX,0
48,TX,1
13,GA,1
13,GA,1
17,IL,1
17,IL,1
12,FL,1
12,FL,1
18,IN,1
36,NY,1
48,TX,1
26,MI,1
53,WA,1
53,WA,1
25,MA,1
13,GA,1
26,MI,1
11,DC,1
6,CA,1
37,NC,1
51,VA,1
51,VA,1
6,CA,1
6,CA,1
6,CA,1
6,CA,1
36,NY,1
36,NY,1
39,OH,1
18,IN,1
45,SC,1
6,CA,1
4,AZ,1
4,AZ,1
55,WI,1
29,MO,1
29,MO,1
21,KY,1
32,NV,1
6,CA,1
12,FL,1
12,FL,1
48,TX,1
29,MO,1
39,OH,1
18,IN,1
18,IN,1
6,CA,1
6,CA,1
6,CA,1
48,TX,1
18,IN,1
2,AL,1
18,IN,1
18,IN,1
53,WA,1
53,WA,1
12,FL,1
12,FL,1
18,IN,1
42,PA,1
48,TX,1
48,TX,1
48,TX,1
25,MA,1
13,GA,1
13,GA,1
13,GA,0
13,GA,1
51,VA,1
51,VA,1
6,CA,1
21,KY,1
33,NH,1
6,CA,1
6,CA,1
6,CA,1
2,AK,1
12,FL,1
34,NJ,1
34,NJ,1
34,NJ,1
24,MD,1
47,TN,1
22,LA,1
51,VA,1
48,TX,1
6,CA,1
48,TX,1
9,CT,1
34,NJ,1
34,NJ,1
9,CT,1
39,OH,1
6,CA,1
34,NJ,1
25,MA,1
45,SC,1
6,CA,1
53,WA,1
8,CO,1
8,CO,1
6,CA,1
39,OH,1
39,OH,1
13,GA,1
48,TX,1
48,TX,1
45,SC,1
34,NJ,1
6,CA,1
48,TX,1
26,MI,1
26,MI,1
50,VT,1
12,FL,1
12,FL,1
12,FL,1
12,FL,1
12,FL,1
12,FL,1
26,MI,1
37,NC,1
37,NC,1
22,LA,1
26,MI,1
6,CA,1
5,AR,1
22,LA,1
9,CT,1
26,MI,1
48,TX,1
4,AZ,1
33,NH,1
9,CT,1
17,IL,1
25,MA,1
48,TX,1
48,TX,1
9,CT,0
6,CA,1
17,IL,1
34,NJ,1
17,IL,1
12,FL,1
53,WA,1
13,GA,1
25,MA,1
15,HI,1
25,MA,1
6,CA,1
26,MI,1
8,CO,1
30,MT,1
6,CA,1
40,OK,1
40,OK,1
4,AZ,1
18,IN,1
6,CA,1
6,CA,1
12,FL,1
53,WA,1
25,MA,1
17,IL,1
49,UT,1
49,UT,1
13,GA,1
12,FL,1
12,FL,1
37,NC,1
17,IL,1
26,MI,1
6,CA,1
6,CA,1
6,CA,1
6,CA,1
39,OH,1
12,FL,1
24,MD,1
36,NY,1
37,NC,1
41,OR,1
41,OR,1
41,OR,1
41,OR,1
41,OR,1
41,OR,1
41,OR,1
34,NJ,1
17,IL,1
48,TX,1
2,AL,1
36,NY,1
40,OK,1
39,OH,1
48,TX,1
18,IN,1
6,CA,1
6,CA,1
4,AZ,1
39,OH,1
39,OH,1
12,FL,1
48,TX,1
12,FL,1
32,NV,1
12,FL,1
26,MI,1
48,TX,1
6,CA,1
6,CA,1
6,CA,1
20,KS,1
24,MD,1
34,NJ,1
5,AR,1
54,WV,1
9,CT,1
27,MN,1
39,OH,1
47,TN,1
10,DE,1
39,OH,1
27,MN,1
27,MN,1
27,MN,1
27,MN,1
27,MN,1
27,MN,1
6,CA,1
48,TX,1
12,FL,1
12,FL,1
12,FL,1
12,FL,1
12,FL,1
13,GA,1
13,GA,1
29,MO,1
25,MA,1
13,GA,1
12,FL,1
30,MT,1
12,FL,1
12,FL,1
48,TX,1
6,CA,1
12,FL,1
48,TX,1
37,NC,1
37,NC,1
37,NC,1
22,LA,1
37,NC,1
54,WV,1
54,WV,1
54,WV,1
6,CA,1
48,TX,1
23,ME,1
13,GA,1
41,OR,1
37,NC,1
37,NC,1
37,NC,1
37,NC,1
6,CA,1
22,LA,1
36,NY,1
12,FL,1
51,VA,1
6,CA,1
6,CA,1
6,CA,1
12,FL,1
37,NC,1
37,NC,1
18,IN,1
39,OH,1
39,OH,1
8,CO,1
2,AK,1
12,FL,1
2,AL,1
48,TX,1
42,PA,1
18,IN,1
6,CA,1
49,UT,1
6,CA,1
6,CA,1
6,CA,1
6,CA,1
6,CA,1
6,CA,1
6,CA,1
6,CA,1
6,CA,1
6,CA,1
6,CA,1
6,CA,1
6,CA,1
6,CA,1
6,CA,1
6,CA,1
48,TX,1
17,IL,1
37,NC,1
48,TX,1
37,NC,1
21,KY,1
6,CA,1
48,TX,1
6,CA,1
6,CA,1
26,MI,1
9,CT,1
37,NC,1
6,CA,1
12,FL,1
53,WA,1
53,WA,1
12,FL,1
4,AZ,1
4,AZ,1
42,PA,1
12,FL,1
6,CA,1
48,TX,1
37,NC,1
48,TX,1
24,MD,1
40,OK,1
27,MN,1
26,MI,1
13,GA,1
21,KY,1
47,TN,1
48,TX,1
6,CA,1
34,NJ,1
47,TN,1
39,OH,1
17,IL,1
13,GA,1
5,AR,1
42,PA,1
12,FL,1
42,PA,1
46,SD,1
48,TX,1
18,IN,1
47,TN,1
45,SC,1
45,SC,1
45,SC,1
45,SC,1
18,IN,1
22,LA,1
22,LA,1
6,CA,1
34,NJ,1
6,CA,1
24,MD,1
9,CT,1
9,CT,1
25,MA,1
12,FL,1
28,MS,1
26,MI,1
41,OR,1
51,VA,1
12,FL,1
9,CT,1
51,VA,1
37,NC,1
5,AR,1
13,GA,1
25,MA,1
6,CA,1
51,VA,1
34,NJ,1
12,FL,1
12,FL,1
36,NY,1
48,TX,1
17,IL,1
51,VA,1
8,CO,1
6,CA,1
49,UT,1
25,MA,1
51,VA,1
34,NJ,1
36,NY,1
6,CA,1
6,CA,1
24,MD,1
28,MS,1
34,NJ,1
18,IN,1
12,FL,1
55,WI,1
9,CT,1
9,CT,1
5,AR,1
13,GA,1
26,MI,1
26,MI,1
26,MI,1
44,RI,1
22,LA,1
6,CA,1
12,FL,1
37,NC,1
51,VA,1
24,MD,1
48,TX,1
48,TX,1
47,TN,1
39,OH,1
28,MS,1
42,PA,1
25,MA,1
25,MA,1
25,MA,1
34,NJ,1
17,IL,1
42,PA,1
49,UT,1
2,AL,1
2,AL,1
48,TX,1
34,NJ,1
47,TN,1
6,CA,1
34,NJ,1
48,TX,1
6,CA,1
48,TX,1
19,IA,1
19,IA,1
19,IA,1
19,IA,1
13,GA,1
13,GA,1
26,MI,1
13,GA,1
39,OH,1
42,PA,1
41,OR,1
6,CA,1
53,WA,1
6,CA,1
51,VA,1
48,TX,1
48,TX,1
17,IL,1
6,CA,1
48,TX,1
48,TX,1
12,FL,1
41,OR,1
41,OR,1
9,CT,1
17,IL,1
8,CO,1
36,NY,1
13,GA,1
28,MS,1
12,FL,1
18,IN,1
6,CA,1
28,MS,1
18,IN,1
6,CA,1
29,MO,1
48,TX,1
48,TX,1
48,TX,1
48,TX,1
48,TX,1
6,CA,1
13,GA,1
17,IL,1
35,NM,1
53,WA,1
48,TX,1
39,OH,1
39,OH,1
39,OH,1
4,AZ,1
19,IA,1
17,IL,1
33,NH,1
10,DE,1
48,TX,1
36,NY,1
53,WA,1
48,TX,1
53,WA,1
53,WA,1
32,NV,1
32,NV,1
32,NV,1
32,NV,1
38,ND,1
47,TN,1
6,CA,1
17,IL,1
10,DE,1
25,MA,1
47,TN,1
48,TX,1
37,NC,1
6,CA,1
5,AR,1
12,FL,1
39,OH,1
48,TX,1
25,MA,1
31,NE,1
6,CA,1
6,CA,1
34,NJ,1
6,CA,1
6,CA,1
6,CA,1
6,CA,1
47,TN,1
39,OH,1
53,WA,1
4,AZ,1
6,CA,1
6,CA,1
24,MD,1
48,TX,1
4,AZ,1
24,MD,1
9,CT,1
39,OH,1
4,AZ,1
4,AZ,1
4,AZ,1
37,NC,1
37,NC,1
37,NC,1
37,NC,1
37,NC,1
37,NC,1
37,NC,1
37,NC,1
37,NC,1
37,NC,1
6,CA,1
6,CA,1
45,SC,1
29,MO,1
17,IL,1
37,NC,1
12,FL,1
49,UT,1
23,ME,1
6,CA,1
2,AL,1
12,FL,1
53,WA,1
53,WA,1
26,MI,1
48,TX,1
6,CA,1
53,WA,1
53,WA,1
5,AR,1
27,MN,1
42,PA,1
21,KY,1
6,CA,1
6,CA,1
6,CA,1
6,CA,1
27,MN,1
27,MN,1
5,AR,1
72,PR,1
72,PR,1
12,FL,1
6,CA,1
51,VA,1
39,OH,1
44,RI,1
42,PA,1
13,GA,1
36,NY,1
4,AZ,1
6,CA,1
47,TN,1
51,VA,1
35,NM,1
27,MN,1
12,FL,1
53,WA,1
6,CA,1
13,GA,1
37,NC,1
33,NH,1
13,GA,1
51,VA,1
51,VA,1
21,KY,1
12,FL,1
12,FL,1
12,FL,1
12,FL,1
36,NY,1
33,NH,1
37,NC,1
12,FL,1
48,TX,1
30,MT,1
30,MT,1
6,CA,1
48,TX,1
48,TX,1
17,IL,1
50,VT,1
50,VT,1
6,CA,1
39,OH,1
36,NY,1
37,NC,1
37,NC,1
48,TX,1
24,MD,1
24,MD,1
29,MO,1
42,PA,1
42,PA,1
6,CA,1
37,NC,1
37,NC,1
37,NC,1
37,NC,1
37,NC,1
17,IL,1
37,NC,1
49,UT,1
48,TX,1
48,TX,1
53,WA,1
42,PA,1
42,PA,1
24,MD,1
6,CA,1
42,PA,1
25,MA,1
39,OH,1
51,VA,1
36,NY,1
48,TX,1
36,NY,1
34,NJ,1
32,NV,1
6,CA,1
12,FL,1
17,IL,1
51,VA,1
12,FL,1
12,FL,1
47,TN,1
22,LA,1
37,NC,1
22,LA,1
18,IN,1
39,OH,1
39,OH,1
39,OH,1
39,OH,1
39,OH,1
12,FL,1
49,UT,1
49,UT,1
42,PA,1
34,NJ,1
44,RI,1
37,NC,1
45,SC,1
26,MI,1
5,AR,1
5,AR,1
6,CA,1
12,FL,1
36,NY,1
34,NJ,1
34,NJ,1
36,NY,1
37,NC,1
6,CA,1
34,NJ,1
48,TX,1
48,TX,1
48,TX,1
48,TX,1
12,FL,1
49,UT,1
48,TX,1
29,MO,1
6,CA,1
6,CA,1
12,FL,1
42,PA,1
47,TN,1
47,TN,1
47,TN,1
47,TN,1
36,NY,1
12,FL,1
17,IL,1
6,CA,1
56,WY,1
29,MO,1
27,MN,1
6,CA,1
26,MI,1
12,FL,1
48,TX,1
28,MS,1
41,OR,1
4,AZ,1
4,AZ,1
8,CO,1
36,NY,1
34,NJ,1
34,NJ,1
20,KS,1
22,LA,1
48,TX,1
26,MI,1
12,FL,1
41,OR,1
36,NY,1
51,VA,1
16,ID,1
40,OK,1
26,MI,1
51,VA,1
12,FL,1
12,FL,1
39,OH,1
51,VA,1
6,CA,1
12,FL,1
39,OH,1
25,MA,1
25,MA,1
12,FL,1
17,IL,1
8,CO,1
24,MD,1
34,NJ,1
6,CA,1
35,NM,1
48,TX,1
48,TX,1
33,NH,1
36,NY,1
8,CO,1
8,CO,1
8,CO,1
36,NY,1
42,PA,1
6,CA,1
12,FL,1
6,CA,1
12,FL,1
12,FL,1
53,WA,1
42,PA,1
51,VA,1
48,TX,1
48,TX,1
48,TX,1
48,TX,1
54,WV,1
54,WV,1
39,OH,1
48,TX,1
6,CA,1
37,NC,1
37,NC,1
45,SC,1
29,MO,1
8,CO,1
33,NH,1
2,AL,1
37,NC,1
6,CA,1
32,NV,1
34,NJ,1
6,CA,1
53,WA,1
48,TX,1
53,WA,1
12,FL,1
39,OH,1
12,FL,1
18,IN,1
35,NM,1
34,NJ,1
12,FL,1
42,PA,1
42,PA,1
39,OH,1
13,GA,1
53,WA,1
2,AL,1
9,CT,1
42,PA,1
6,CA,1
10,DE,1
39,OH,1
48,TX,1
51,VA,1
6,CA,1
37,NC,1
12,FL,1
48,TX,1
12,FL,1
12,FL,1
27,MN,1
27,MN,1
6,CA,1
24,MD,1
4,AZ,1
4,AZ,1
26,MI,1
12,FL,1
34,NJ,1
39,OH,1
42,PA,1
15,HI,1
6,CA,1
5,AR,1
37,NC,1
4,AZ,1
23,ME,1
13,GA,1
37,NC,1
24,MD,1
25,MA,1
13,GA,1
12,FL,1
13,GA,1
37,NC,1
37,NC,1
6,CA,1
6,CA,1
37,NC,1
9,CT,1
9,CT,1
9,CT,1
9,CT,1
6,CA,1
34,NJ,1
34,NJ,1
20,KS,1
20,KS,1
27,MN,1
36,NY,1
12,FL,1
6,CA,1
6,CA,1
6,CA,1
41,OR,1
41,OR,1
36,NY,1
48,TX,1
12,FL,1
48,TX,1
39,OH,1
39,OH,1
17,IL,1
12,FL,1
29,MO,1
51,VA,1
39,OH,1
12,FL,1
24,MD,1
53,WA,1
6,CA,1
6,CA,1
18,IN,1
18,IN,1
18,IN,1
48,TX,1
37,NC,1
37,NC,1
28,MS,1
51,VA,1
,,1
,,1
6,CA,1
6,CA,1
34,NJ,1
39,OH,1
48,TX,1
10,DE,1
10,DE,1
34,NJ,1
17,IL,1
17,IL,1
17,IL,1
13,GA,1
12,FL,1
48,TX,1
,,1
,,1
8,CO,1
18,IN,1
18,IN,1
51,VA,1
51,VA,1
,,1
30,MT,1
,,1
48,TX,1
47,TN,1
17,IL,1
17,IL,1
13,GA,1
6,CA,1
,,1
12,FL,1
6,CA,1
,,1
42,PA,1
,,1
53,WA,1
,,1
6,CA,1
6,CA,1
36,NY,1
44,RI,1
12,FL,1
6,CA,1
25,MA,1
48,TX,1
48,TX,1
8,CO,1
9,CT,1
24,MD,1
24,MD,1
41,OR,1
37,NC,1
32,NV,1
26,MI,1
17,IL,1
17,IL,1
41,OR,1
,,1
,,1
41,OR,1
,,1
,,1
,,1
12,FL,1
,,1
34,NJ,1
,,1
51,VA,1
51,VA,1
,,1
,,1
,,1
6,CA,1
40,OK,1
39,OH,1
39,OH,1
,,1
,,1
36,NY,1
,,1
6,CA,1
6,CA,1
37,NC,1
,,1
,,1
,,1
6,CA,1
,,1
,,1
,,1
,,1
,,1
12,FL,1
,,1
,,1
30,MT,1
6,CA,1
44,RI,1
,,1
,,1
,,1
6,CA,1
6,CA,1
39,OH,1
36,NY,1
,,1
2,AL,1
,,1
53,WA,1
36,NY,1
48,TX,1
24,MD,1
6,CA,1
35,NM,1
,,1
,,1
,,1
,,1
,,1
,,1
36,NY,1
37,NC,1
,,1
34,NJ,1
4,AZ,1
,,1
21,KY,1
18,IN,1
42,PA,1
,,1
47,TN,1
,,1
,,1
,,1
29,MO,1
,,1
,,1
6,CA,1
12,FL,1
37,NC,1
12,FL,1
12,FL,1
25,MA,1
17,IL,1
,,1
51,VA,1
12,FL,1
6,CA,1
6,CA,1
12,FL,1
18,IN,1
,,1
8,CO,1
8,CO,1
9,CT,1
,,1
